district_name,crop_name,year,season,cultivated_extent_hectares,production_metric_tons
Hambantota,Bandakka,2001,Maha,366.0,2405.0
Hambantota,Bandakka,2001,Total,468.0,3027.0
Hambantota,Bandakka,2001,Yala,102.0,622.0
Hambantota,Bandakka,2002,Maha,326.0,2170.0
Hambantota,Bandakka,2002,Total,504.0,3369.0
Hambantota,Bandakka,2002,Yala,178.0,1199.0
Hambantota,Bandakka,2003,Maha,265.0,1740.0
Hambantota,Bandakka,2003,Total,413.0,2753.0
Hambantota,Bandakka,2003,Yala,148.0,1013.0
Hambantota,Bandakka,2004,Maha,224.0,1845.0
Hambantota,Bandakka,2004,Total,378.0,3008.0
Hambantota,Bandakka,2004,Yala,154.0,1163.0
Hambantota,Bandakka,2005,Maha,181.0,1449.0
Hambantota,Bandakka,2005,Total,333.0,2575.0
Hambantota,Bandakka,2005,Yala,152.0,1126.0
Hambantota,Bandakka,2006,Maha,186.0,1489.0
Hambantota,Bandakka,2006,Total,368.0,2838.0
Hambantota,Bandakka,2006,Yala,182.0,1349.0
Hambantota,Bandakka,2007,Maha,181.0,1939.0
Hambantota,Bandakka,2007,Total,363.0,3354.0
Hambantota,Bandakka,2007,Yala,182.0,1415.0
Hambantota,Bandakka,2008,Maha,299.0,2092.0
Hambantota,Bandakka,2008,Total,475.0,4436.0
Hambantota,Bandakka,2008,Yala,176.0,2344.0
Hambantota,Bandakka,2009,Maha,265.0,3205.0
Hambantota,Bandakka,2009,Total,265.0,3205.0
Hambantota,Bandakka,2010,Maha,315.0,3217.0
Hambantota,Bandakka,2010,Total,520.0,6219.0
Hambantota,Bandakka,2010,Yala,205.0,3002.0
Hambantota,Bandakka,2011,Maha,305.0,3164.0
Hambantota,Bandakka,2011,Total,529.0,6461.0
Hambantota,Bandakka,2011,Yala,224.0,3297.0
Hambantota,Bandakka,2012,Maha,366.0,3533.0
Hambantota,Bandakka,2012,Total,579.0,5428.0
Hambantota,Bandakka,2012,Yala,213.0,1895.0
Hambantota,Bandakka,2013,Maha,384.0,3710.0
Hambantota,Bandakka,2013,Total,680.0,6833.0
Hambantota,Bandakka,2013,Yala,296.0,3123.0
Hambantota,Bandakka,2014,Maha,313.0,2774.0
Hambantota,Bandakka,2014,Total,490.0,4426.0
Hambantota,Bandakka,2014,Yala,177.0,1652.0
Hambantota,Bandakka,2015,Maha,305.0,2884.0
Hambantota,Bandakka,2015,Total,498.0,5180.0
Hambantota,Bandakka,2015,Yala,193.0,2296.0
Hambantota,Bandakka,2016,Maha,373.0,3942.0
Hambantota,Bandakka,2016,Total,602.0,6248.0
Hambantota,Bandakka,2016,Yala,229.0,2306.0
Hambantota,Bandakka,2017,Maha,231.0,2480.0
Hambantota,Bandakka,2017,Total,388.0,4134.0
Hambantota,Bandakka,2017,Yala,157.0,1654.0
Hambantota,Bandakka,2018,Maha,313.0,2774.0
Hambantota,Bandakka,2018,Total,515.0,4826.0
Hambantota,Bandakka,2018,Yala,202.0,2052.0
Hambantota,Bandakka,2019,Maha,259.0,3132.0
Hambantota,Bandakka,2019,Total,459.0,5303.0
Hambantota,Bandakka,2019,Yala,200.0,2171.0
Hambantota,Bandakka,2020,Maha,262.0,3143.0
Hambantota,Bandakka,2020,Total,501.4,5311.0
Hambantota,Bandakka,2020,Yala,239.4,2168.0
Hambantota,Bandakka,2021,Maha,282.7,3605.8
Hambantota,Bandakka,2021,Total,537.2,6517.5
Hambantota,Bandakka,2021,Yala,254.5,2911.7
Hambantota,Bandakka,2022,Maha,281.9,3543.5
Hambantota,Bandakka,2022,Total,509.6,6083.6
Hambantota,Bandakka,2022,Yala,227.7,2540.1
Hambantota,Bandakka,2023,Maha,351.7,4005.5
Hambantota,Bandakka,2023,Total,573.4,6311.3
Hambantota,Bandakka,2023,Yala,221.7,2305.8
Hambantota,Bandakka,2024,Maha,324.4,3487.9
Hambantota,Bandakka,2024,Total,595.9,6233.6
Hambantota,Bandakka,2024,Yala,271.5,2745.7
Hambantota,Bandakka,2025,Maha,329.9,3345.4
Hambantota,Bandakka,2025,Total,593.9,5955.5
Hambantota,Bandakka,2025,Yala,264.0,2610.1
Hambantota,Brinjal,2001,Maha,475.0,4503.0
Hambantota,Brinjal,2001,Total,575.0,5406.0
Hambantota,Brinjal,2001,Yala,100.0,903.0
Hambantota,Brinjal,2002,Maha,513.0,4908.0
Hambantota,Brinjal,2002,Total,666.0,6387.0
Hambantota,Brinjal,2002,Yala,153.0,1479.0
Hambantota,Brinjal,2003,Maha,463.0,4512.0
Hambantota,Brinjal,2003,Total,707.0,6921.0
Hambantota,Brinjal,2003,Yala,244.0,2409.0
Hambantota,Brinjal,2004,Maha,380.0,4225.0
Hambantota,Brinjal,2004,Total,636.0,6785.0
Hambantota,Brinjal,2004,Yala,256.0,2560.0
Hambantota,Brinjal,2005,Maha,292.0,3142.0
Hambantota,Brinjal,2005,Total,492.0,5146.0
Hambantota,Brinjal,2005,Yala,200.0,2004.0
Hambantota,Brinjal,2006,Maha,271.0,2915.0
Hambantota,Brinjal,2006,Total,518.0,5391.0
Hambantota,Brinjal,2006,Yala,247.0,2476.0
Hambantota,Brinjal,2007,Maha,351.0,4460.0
Hambantota,Brinjal,2007,Total,598.0,7724.0
Hambantota,Brinjal,2007,Yala,247.0,3264.0
Hambantota,Brinjal,2008,Maha,513.0,5730.0
Hambantota,Brinjal,2008,Total,824.0,10105.0
Hambantota,Brinjal,2008,Yala,311.0,4375.0
Hambantota,Brinjal,2009,Maha,465.0,6256.0
Hambantota,Brinjal,2009,Total,465.0,6256.0
Hambantota,Brinjal,2010,Maha,514.0,6583.0
Hambantota,Brinjal,2010,Total,832.0,11337.0
Hambantota,Brinjal,2010,Yala,318.0,4754.0
Hambantota,Brinjal,2011,Maha,504.0,6841.0
Hambantota,Brinjal,2011,Total,883.0,12503.0
Hambantota,Brinjal,2011,Yala,379.0,5662.0
Hambantota,Brinjal,2012,Maha,591.0,7735.0
Hambantota,Brinjal,2012,Total,928.0,12651.0
Hambantota,Brinjal,2012,Yala,337.0,4916.0
Hambantota,Brinjal,2013,Maha,681.0,8768.0
Hambantota,Brinjal,2013,Total,1081.0,13326.0
Hambantota,Brinjal,2013,Yala,400.0,4558.0
Hambantota,Brinjal,2014,Maha,714.0,9542.0
Hambantota,Brinjal,2014,Total,1096.0,13704.0
Hambantota,Brinjal,2014,Yala,382.0,4162.0
Hambantota,Brinjal,2015,Maha,592.0,8136.0
Hambantota,Brinjal,2015,Total,958.0,13729.0
Hambantota,Brinjal,2015,Yala,366.0,5593.0
Hambantota,Brinjal,2016,Maha,687.0,9805.0
Hambantota,Brinjal,2016,Total,1059.0,14547.0
Hambantota,Brinjal,2016,Yala,372.0,4742.0
Hambantota,Brinjal,2017,Maha,443.0,6250.0
Hambantota,Brinjal,2017,Total,713.0,9758.0
Hambantota,Brinjal,2017,Yala,270.0,3508.0
Hambantota,Brinjal,2018,Maha,714.0,9542.0
Hambantota,Brinjal,2018,Total,1073.0,15190.0
Hambantota,Brinjal,2018,Yala,359.0,5648.0
Hambantota,Brinjal,2019,Maha,626.0,9596.0
Hambantota,Brinjal,2019,Total,1096.0,16674.0
Hambantota,Brinjal,2019,Yala,470.0,7078.0
Hambantota,Brinjal,2020,Maha,617.0,8739.0
Hambantota,Brinjal,2020,Total,1139.4,16794.9
Hambantota,Brinjal,2020,Yala,522.4,8055.9
Hambantota,Brinjal,2021,Maha,552.4,7818.8
Hambantota,Brinjal,2021,Total,1118.5,15593.2
Hambantota,Brinjal,2021,Yala,566.1,7774.4
Hambantota,Brinjal,2022,Maha,589.3,7479.8
Hambantota,Brinjal,2022,Total,1105.7,15139.1
Hambantota,Brinjal,2022,Yala,516.4000000000001,7659.3
Hambantota,Brinjal,2023,Maha,644.7,8109.200000000001
Hambantota,Brinjal,2023,Total,1126.7,15123.1
Hambantota,Brinjal,2023,Yala,482.0,7013.9
Hambantota,Brinjal,2024,Maha,629.0,7984.4
Hambantota,Brinjal,2024,Total,1145.2,13766.9
Hambantota,Brinjal,2024,Yala,516.2,5782.5
Hambantota,Brinjal,2025,Maha,622.5,7784.5
Hambantota,Brinjal,2025,Total,1146.9,12753.5
Hambantota,Brinjal,2025,Yala,524.4000000000001,4969.0
Hambantota,Chillies,2001,Maha,834.0,1979.0
Hambantota,Chillies,2001,Total,953.0,2178.0
Hambantota,Chillies,2001,Yala,119.0,199.0
Hambantota,Chillies,2002,Maha,546.0,1273.0
Hambantota,Chillies,2002,Total,773.0,1766.0
Hambantota,Chillies,2002,Yala,227.0,493.0
Hambantota,Chillies,2003,Maha,590.0,1252.0
Hambantota,Chillies,2003,Total,850.0,1801.0
Hambantota,Chillies,2003,Yala,260.0,549.0
Hambantota,Chillies,2004,Maha,544.0,1818.0
Hambantota,Chillies,2004,Total,828.0,2412.0
Hambantota,Chillies,2004,Yala,284.0,594.0
Hambantota,Chillies,2005,Maha,414.0,1209.0
Hambantota,Chillies,2005,Total,644.0,1683.0
Hambantota,Chillies,2005,Yala,230.0,474.0
Hambantota,Chillies,2006,Maha,515.0,2006.0
Hambantota,Chillies,2006,Total,859.0,2715.0
Hambantota,Chillies,2006,Yala,344.0,709.0
Hambantota,Chillies,2007,Maha,678.0,1941.0
Hambantota,Chillies,2007,Total,1022.0,2694.0
Hambantota,Chillies,2007,Yala,344.0,753.0
Hambantota,Chillies,2008,Maha,711.0,2185.0
Hambantota,Chillies,2008,Total,986.0,3042.0
Hambantota,Chillies,2008,Yala,275.0,857.0
Hambantota,Chillies,2009,Maha,613.0,2098.0
Hambantota,Chillies,2009,Total,613.0,2098.0
Hambantota,Chillies,2010,Maha,683.0,2281.0
Hambantota,Chillies,2010,Total,997.0,4019.0
Hambantota,Chillies,2010,Yala,314.0,1738.0
Hambantota,Chillies,2011,Maha,615.0,2220.0
Hambantota,Chillies,2011,Total,942.0,3523.0
Hambantota,Chillies,2011,Yala,327.0,1303.0
Hambantota,Chillies,2012,Maha,554.0,1993.0
Hambantota,Chillies,2012,Total,857.0,3005.0
Hambantota,Chillies,2012,Yala,303.0,1012.0
Hambantota,Chillies,2013,Maha,582.0,2092.0
Hambantota,Chillies,2013,Total,966.0,3466.0
Hambantota,Chillies,2013,Yala,384.0,1374.0
Hambantota,Chillies,2014,Maha,742.0,2343.0
Hambantota,Chillies,2014,Total,1042.0,3483.0
Hambantota,Chillies,2014,Yala,300.0,1140.0
Hambantota,Chillies,2015,Maha,604.0,2156.0
Hambantota,Chillies,2015,Total,854.0,3484.0
Hambantota,Chillies,2015,Yala,250.0,1328.0
Hambantota,Chillies,2016,Maha,592.0,2031.0
Hambantota,Chillies,2016,Total,840.0,3027.0
Hambantota,Chillies,2016,Yala,248.0,996.0
Hambantota,Chillies,2017,Maha,286.0,1418.0
Hambantota,Chillies,2017,Total,477.0,2233.0
Hambantota,Chillies,2017,Yala,191.0,815.0
Hambantota,Chillies,2018,Maha,742.0,2343.0
Hambantota,Chillies,2018,Total,1003.0,9432.0
Hambantota,Chillies,2018,Yala,261.0,7089.0
Hambantota,Chillies,2019,Maha,373.0,1603.0
Hambantota,Chillies,2019,Total,651.0,7268.0
Hambantota,Chillies,2019,Yala,278.0,5665.0
Hambantota,Chillies,2020,Maha,385.0,1634.0
Hambantota,Chillies,2020,Total,744.5,8665.7
Hambantota,Chillies,2020,Yala,359.5,7031.7
Hambantota,Chillies,2021,Maha,407.0,1222.2
Hambantota,Chillies,2021,Total,732.7,2312.3
Hambantota,Chillies,2021,Yala,325.7,1090.1
Hambantota,Chillies,2022,Maha,374.9,1105.1
Hambantota,Chillies,2022,Total,677.7,1989.3
Hambantota,Chillies,2022,Yala,302.8,884.2
Hambantota,Chillies,2023,Maha,397.6,940.5
Hambantota,Chillies,2023,Total,687.0,1738.8
Hambantota,Chillies,2023,Yala,289.4,798.3
Hambantota,Chillies,2024,Maha,367.3,843.3
Hambantota,Chillies,2024,Total,731.5,1805.5
Hambantota,Chillies,2024,Yala,364.2,962.2
Hambantota,Chillies,2025,Maha,362.3,859.6
Hambantota,Chillies,2025,Total,715.5,2000.9
Hambantota,Chillies,2025,Yala,353.2,1141.3
Hambantota,Corn,2001,Maha,597.0,475.0
Hambantota,Corn,2001,Total,614.0,488.0
Hambantota,Corn,2001,Yala,17.0,13.0
Hambantota,Corn,2002,Maha,673.0,550.0
Hambantota,Corn,2002,Total,741.0,607.0
Hambantota,Corn,2002,Yala,68.0,57.0
Hambantota,Corn,2003,Maha,942.0,734.0
Hambantota,Corn,2003,Total,1016.0,795.0
Hambantota,Corn,2003,Yala,74.0,61.0
Hambantota,Corn,2004,Maha,609.0,523.0
Hambantota,Corn,2004,Total,737.0,655.0
Hambantota,Corn,2004,Yala,128.0,132.0
Hambantota,Corn,2005,Maha,549.0,463.0
Hambantota,Corn,2005,Total,592.0,498.0
Hambantota,Corn,2005,Yala,43.0,35.0
Hambantota,Corn,2006,Maha,459.0,386.0
Hambantota,Corn,2006,Total,554.0,464.0
Hambantota,Corn,2006,Yala,95.0,78.0
Hambantota,Corn,2007,Maha,507.0,618.0
Hambantota,Corn,2007,Total,602.0,709.0
Hambantota,Corn,2007,Yala,95.0,91.0
Hambantota,Corn,2008,Maha,787.0,1122.0
Hambantota,Corn,2008,Total,898.0,1285.0
Hambantota,Corn,2008,Yala,111.0,163.0
Hambantota,Corn,2009,Maha,692.0,1065.0
Hambantota,Corn,2009,Total,692.0,1065.0
Hambantota,Corn,2010,Maha,553.0,912.0
Hambantota,Corn,2010,Total,642.0,1087.0
Hambantota,Corn,2010,Yala,109.0,175.0
Hambantota,Corn,2011,Maha,598.0,1046.0
Hambantota,Corn,2011,Total,722.0,1240.0
Hambantota,Corn,2011,Yala,124.0,194.0
Hambantota,Corn,2012,Maha,522.0,867.0
Hambantota,Corn,2012,Total,662.0,1077.0
Hambantota,Corn,2012,Yala,140.0,210.0
Hambantota,Corn,2013,Maha,548.0,911.0
Hambantota,Corn,2013,Total,673.0,1231.0
Hambantota,Corn,2013,Yala,125.0,320.0
Hambantota,Corn,2014,Maha,636.0,1025.0
Hambantota,Corn,2014,Total,734.0,1327.0
Hambantota,Corn,2014,Yala,98.0,302.0
Hambantota,Corn,2015,Maha,588.0,674.0
Hambantota,Corn,2015,Total,714.0,1052.0
Hambantota,Corn,2015,Yala,126.0,378.0
Hambantota,Corn,2016,Maha,581.0,1536.0
Hambantota,Corn,2016,Total,686.0,1712.0
Hambantota,Corn,2016,Yala,105.0,176.0
Hambantota,Corn,2017,Maha,477.0,856.0
Hambantota,Corn,2017,Total,578.0,1059.0
Hambantota,Corn,2017,Yala,101.0,203.0
Hambantota,Corn,2018,Maha,636.0,1025.0
Hambantota,Corn,2018,Total,765.0,1311.0
Hambantota,Corn,2018,Yala,129.0,286.0
Hambantota,Corn,2019,Maha,518.0,1411.0
Hambantota,Corn,2019,Total,632.0,1665.0
Hambantota,Corn,2019,Yala,114.0,254.0
Hambantota,Corn,2020,Maha,441.0,1073.0
Hambantota,Corn,2020,Total,709.8,1687.9
Hambantota,Corn,2020,Yala,268.8,614.9
Hambantota,Corn,2021,Maha,448.3,1046.1
Hambantota,Corn,2021,Total,779.6,1586.8
Hambantota,Corn,2021,Yala,331.3,540.7
Hambantota,Corn,2022,Maha,408.2,791.9
Hambantota,Corn,2022,Total,676.6,1262.7
Hambantota,Corn,2022,Yala,268.4,470.8
Hambantota,Corn,2023,Maha,552.4,812.0
Hambantota,Corn,2023,Total,857.4,1236.4
Hambantota,Corn,2023,Yala,305.0,424.4
Hambantota,Corn,2024,Maha,500.3,773.3
Hambantota,Corn,2024,Total,811.2,1239.2
Hambantota,Corn,2024,Yala,310.9,465.9
Hambantota,Corn,2025,Maha,493.3,814.2
Hambantota,Corn,2025,Total,727.9,1374.1
Hambantota,Corn,2025,Yala,234.6,559.9
Hambantota,Mung Beans,2001,Maha,1663.0,1711.0
Hambantota,Mung Beans,2001,Total,1902.0,1909.0
Hambantota,Mung Beans,2001,Yala,239.0,198.0
Hambantota,Mung Beans,2002,Maha,2201.0,2285.0
Hambantota,Mung Beans,2002,Total,2924.0,3053.0
Hambantota,Mung Beans,2002,Yala,723.0,768.0
Hambantota,Mung Beans,2003,Maha,2570.0,2342.0
Hambantota,Mung Beans,2003,Total,2640.0,2417.0
Hambantota,Mung Beans,2003,Yala,70.0,75.0
Hambantota,Mung Beans,2004,Maha,1633.0,1566.0
Hambantota,Mung Beans,2004,Total,1918.0,1846.0
Hambantota,Mung Beans,2004,Yala,285.0,280.0
Hambantota,Mung Beans,2005,Maha,1219.0,1172.0
Hambantota,Mung Beans,2005,Total,1289.0,1244.0
Hambantota,Mung Beans,2005,Yala,70.0,72.0
Hambantota,Mung Beans,2006,Maha,894.0,855.0
Hambantota,Mung Beans,2006,Total,1135.0,1103.0
Hambantota,Mung Beans,2006,Yala,241.0,248.0
Hambantota,Mung Beans,2007,Maha,1266.0,1757.0
Hambantota,Mung Beans,2007,Total,1507.0,2048.0
Hambantota,Mung Beans,2007,Yala,241.0,291.0
Hambantota,Mung Beans,2008,Maha,1221.0,1524.0
Hambantota,Mung Beans,2008,Total,1369.0,1700.0
Hambantota,Mung Beans,2008,Yala,148.0,176.0
Hambantota,Mung Beans,2009,Maha,1103.0,1361.0
Hambantota,Mung Beans,2009,Total,1103.0,1361.0
Hambantota,Mung Beans,2010,Maha,1077.0,1460.0
Hambantota,Mung Beans,2010,Total,2315.0,3122.0
Hambantota,Mung Beans,2010,Yala,1238.0,1662.0
Hambantota,Mung Beans,2011,Maha,1585.0,1016.0
Hambantota,Mung Beans,2011,Total,3137.0,3372.0
Hambantota,Mung Beans,2011,Yala,1552.0,2356.0
Hambantota,Mung Beans,2012,Maha,1172.0,1860.0
Hambantota,Mung Beans,2012,Total,2330.0,3612.0
Hambantota,Mung Beans,2012,Yala,1158.0,1752.0
Hambantota,Mung Beans,2013,Maha,1231.0,1953.0
Hambantota,Mung Beans,2013,Total,2744.0,4271.0
Hambantota,Mung Beans,2013,Yala,1513.0,2318.0
Hambantota,Mung Beans,2014,Maha,1181.0,1632.0
Hambantota,Mung Beans,2014,Total,3644.0,5405.0
Hambantota,Mung Beans,2014,Yala,2463.0,3773.0
Hambantota,Mung Beans,2015,Maha,978.0,1513.0
Hambantota,Mung Beans,2015,Total,2703.0,5308.0
Hambantota,Mung Beans,2015,Yala,1725.0,3795.0
Hambantota,Mung Beans,2016,Maha,1400.0,2047.0
Hambantota,Mung Beans,2016,Total,3270.0,3830.0
Hambantota,Mung Beans,2016,Yala,1870.0,1783.0
Hambantota,Mung Beans,2017,Maha,605.0,1024.0
Hambantota,Mung Beans,2017,Total,1403.0,2118.0
Hambantota,Mung Beans,2017,Yala,798.0,1094.0
Hambantota,Mung Beans,2018,Maha,1181.0,1632.0
Hambantota,Mung Beans,2018,Total,1558.0,2201.0
Hambantota,Mung Beans,2018,Yala,377.0,569.0
Hambantota,Mung Beans,2019,Maha,580.0,802.0
Hambantota,Mung Beans,2019,Total,917.0,1284.0
Hambantota,Mung Beans,2019,Yala,337.0,482.0
Hambantota,Mung Beans,2020,Maha,462.0,578.0
Hambantota,Mung Beans,2020,Total,1618.8,1897.6
Hambantota,Mung Beans,2020,Yala,1156.8,1319.6
Hambantota,Mung Beans,2021,Maha,1274.8,1483.4
Hambantota,Mung Beans,2021,Total,8044.6,7387.1
Hambantota,Mung Beans,2021,Yala,6769.8,5903.7
Hambantota,Mung Beans,2022,Maha,1072.1,1052.8
Hambantota,Mung Beans,2022,Total,2493.6,2188.1
Hambantota,Mung Beans,2022,Yala,1421.5,1135.3
Hambantota,Mung Beans,2023,Maha,1940.5,1837.1
Hambantota,Mung Beans,2023,Total,2782.1,2517.9
Hambantota,Mung Beans,2023,Yala,841.6,680.8
Hambantota,Mung Beans,2024,Maha,1225.2,1109.8
Hambantota,Mung Beans,2024,Total,3923.9,3895.6
Hambantota,Mung Beans,2024,Yala,2698.7,2785.8
Hambantota,Mung Beans,2025,Maha,1332.9,1446.8
Hambantota,Mung Beans,2025,Total,5898.0,5481.6
Hambantota,Mung Beans,2025,Yala,4565.1,4034.8
Hambantota,Pumpkin,2001,Maha,303.0,3386.0
Hambantota,Pumpkin,2001,Total,363.0,4013.0
Hambantota,Pumpkin,2001,Yala,60.0,627.0
Hambantota,Pumpkin,2002,Maha,337.0,3837.0
Hambantota,Pumpkin,2002,Total,444.0,5026.0
Hambantota,Pumpkin,2002,Yala,107.0,1189.0
Hambantota,Pumpkin,2003,Maha,479.0,5586.0
Hambantota,Pumpkin,2003,Total,625.0,7298.0
Hambantota,Pumpkin,2003,Yala,146.0,1712.0
Hambantota,Pumpkin,2004,Maha,359.0,4461.0
Hambantota,Pumpkin,2004,Total,615.0,7692.0
Hambantota,Pumpkin,2004,Yala,256.0,3231.0
Hambantota,Pumpkin,2005,Maha,350.0,4900.0
Hambantota,Pumpkin,2005,Total,540.0,6844.0
Hambantota,Pumpkin,2005,Yala,190.0,1944.0
Hambantota,Pumpkin,2006,Maha,290.0,4056.0
Hambantota,Pumpkin,2006,Total,507.0,6276.0
Hambantota,Pumpkin,2006,Yala,217.0,2220.0
Hambantota,Pumpkin,2007,Maha,375.0,5033.0
Hambantota,Pumpkin,2007,Total,592.0,7951.0
Hambantota,Pumpkin,2007,Yala,217.0,2918.0
Hambantota,Pumpkin,2008,Maha,467.0,6091.0
Hambantota,Pumpkin,2008,Total,646.0,8768.0
Hambantota,Pumpkin,2008,Yala,179.0,2677.0
Hambantota,Pumpkin,2009,Maha,417.0,5957.0
Hambantota,Pumpkin,2009,Total,417.0,5957.0
Hambantota,Pumpkin,2010,Maha,464.0,6623.0
Hambantota,Pumpkin,2010,Total,740.0,11037.0
Hambantota,Pumpkin,2010,Yala,276.0,4414.0
Hambantota,Pumpkin,2011,Maha,393.0,5725.0
Hambantota,Pumpkin,2011,Total,653.0,10174.0
Hambantota,Pumpkin,2011,Yala,260.0,4449.0
Hambantota,Pumpkin,2012,Maha,488.0,6806.0
Hambantota,Pumpkin,2012,Total,717.0,10665.0
Hambantota,Pumpkin,2012,Yala,229.0,3859.0
Hambantota,Pumpkin,2013,Maha,512.0,7146.0
Hambantota,Pumpkin,2013,Total,805.0,11118.0
Hambantota,Pumpkin,2013,Yala,293.0,3972.0
Hambantota,Pumpkin,2014,Maha,463.0,6798.0
Hambantota,Pumpkin,2014,Total,653.0,9608.0
Hambantota,Pumpkin,2014,Yala,190.0,2810.0
Hambantota,Pumpkin,2015,Maha,352.0,5864.0
Hambantota,Pumpkin,2015,Total,521.0,8838.0
Hambantota,Pumpkin,2015,Yala,169.0,2974.0
Hambantota,Pumpkin,2016,Maha,303.0,4332.0
Hambantota,Pumpkin,2016,Total,436.0,6166.0
Hambantota,Pumpkin,2016,Yala,133.0,1834.0
Hambantota,Pumpkin,2017,Maha,203.0,3052.0
Hambantota,Pumpkin,2017,Total,331.0,5121.0
Hambantota,Pumpkin,2017,Yala,128.0,2069.0
Hambantota,Pumpkin,2018,Maha,463.0,6798.0
Hambantota,Pumpkin,2018,Total,671.0,10292.0
Hambantota,Pumpkin,2018,Yala,208.0,3494.0
Hambantota,Pumpkin,2019,Maha,338.0,5830.0
Hambantota,Pumpkin,2019,Total,581.0,9898.0
Hambantota,Pumpkin,2019,Yala,243.0,4068.0
Hambantota,Pumpkin,2020,Maha,354.0,6167.0
Hambantota,Pumpkin,2020,Total,594.3,9674.4
Hambantota,Pumpkin,2020,Yala,240.3,3507.4
Hambantota,Pumpkin,2021,Maha,332.2,5840.5
Hambantota,Pumpkin,2021,Total,653.2,11223.2
Hambantota,Pumpkin,2021,Yala,321.0,5382.7
Hambantota,Pumpkin,2022,Maha,305.7,1209.0
Hambantota,Pumpkin,2022,Total,530.1,4992.1
Hambantota,Pumpkin,2022,Yala,224.4,3783.1000000000004
Hambantota,Pumpkin,2023,Maha,316.0,5452.200000000001
Hambantota,Pumpkin,2023,Total,536.2,9103.6
Hambantota,Pumpkin,2023,Yala,220.2,3651.4
Hambantota,Pumpkin,2024,Maha,287.4,4971.8
Hambantota,Pumpkin,2024,Total,545.5,9158.1
Hambantota,Pumpkin,2024,Yala,258.1,4186.3
Hambantota,Pumpkin,2025,Maha,303.0,5131.2
Hambantota,Pumpkin,2025,Total,543.9,7819.799999999999
Hambantota,Pumpkin,2025,Yala,240.89999999999998,2688.6
Matara,Bandakka,2001,Maha,101.0,453.0
Matara,Bandakka,2001,Total,182.0,811.0
Matara,Bandakka,2001,Yala,81.0,358.0
Matara,Bandakka,2002,Maha,100.0,417.0
Matara,Bandakka,2002,Total,177.0,682.0
Matara,Bandakka,2002,Yala,77.0,265.0
Matara,Bandakka,2003,Maha,95.0,395.0
Matara,Bandakka,2003,Total,180.0,781.0
Matara,Bandakka,2003,Yala,85.0,386.0
Matara,Bandakka,2004,Maha,69.0,339.0
Matara,Bandakka,2004,Total,171.0,855.0
Matara,Bandakka,2004,Yala,102.0,516.0
Matara,Bandakka,2005,Maha,60.0,295.0
Matara,Bandakka,2005,Total,135.0,689.0
Matara,Bandakka,2005,Yala,75.0,394.0
Matara,Bandakka,2006,Maha,62.0,309.0
Matara,Bandakka,2006,Total,136.0,698.0
Matara,Bandakka,2006,Yala,74.0,389.0
Matara,Bandakka,2007,Maha,58.0,257.0
Matara,Bandakka,2007,Total,125.0,599.0
Matara,Bandakka,2007,Yala,67.0,342.0
Matara,Bandakka,2008,Maha,139.0,443.0
Matara,Bandakka,2008,Total,221.0,860.0
Matara,Bandakka,2008,Yala,82.0,417.0
Matara,Bandakka,2009,Maha,121.0,647.0
Matara,Bandakka,2009,Total,121.0,647.0
Matara,Bandakka,2010,Maha,124.0,807.0
Matara,Bandakka,2010,Total,201.0,1350.0
Matara,Bandakka,2010,Yala,77.0,543.0
Matara,Bandakka,2011,Maha,128.0,617.0
Matara,Bandakka,2011,Total,246.0,1218.0
Matara,Bandakka,2011,Yala,118.0,601.0
Matara,Bandakka,2012,Maha,144.0,659.0
Matara,Bandakka,2012,Total,257.0,2254.0
Matara,Bandakka,2012,Yala,113.0,1595.0
Matara,Bandakka,2013,Maha,151.0,692.0
Matara,Bandakka,2013,Total,279.0,2022.0
Matara,Bandakka,2013,Yala,129.0,1330.0
Matara,Bandakka,2014,Maha,128.0,761.0
Matara,Bandakka,2014,Total,251.0,1790.0
Matara,Bandakka,2014,Yala,123.0,1029.0
Matara,Bandakka,2015,Maha,116.0,621.0
Matara,Bandakka,2015,Total,216.0,1280.0
Matara,Bandakka,2015,Yala,100.0,659.0
Matara,Bandakka,2016,Maha,77.0,456.0
Matara,Bandakka,2016,Total,173.0,1497.0
Matara,Bandakka,2016,Yala,96.0,1041.0
Matara,Bandakka,2017,Maha,92.0,636.0
Matara,Bandakka,2017,Total,165.0,1139.0
Matara,Bandakka,2017,Yala,73.0,503.0
Matara,Bandakka,2018,Maha,80.0,538.0
Matara,Bandakka,2018,Total,149.0,1056.0
Matara,Bandakka,2018,Yala,69.0,518.0
Matara,Bandakka,2019,Maha,79.0,583.0
Matara,Bandakka,2019,Total,133.0,1178.0
Matara,Bandakka,2019,Yala,54.0,595.0
Matara,Bandakka,2020,Maha,85.0,842.0
Matara,Bandakka,2020,Total,156.0,1445.5
Matara,Bandakka,2020,Yala,71.0,603.5
Matara,Bandakka,2021,Maha,79.3,661.0
Matara,Bandakka,2021,Total,149.5,1257.8
Matara,Bandakka,2021,Yala,70.2,596.8
Matara,Bandakka,2022,Maha,73.8,605.3
Matara,Bandakka,2022,Total,150.8,1259.4
Matara,Bandakka,2022,Yala,77.0,654.1
Matara,Bandakka,2023,Maha,70.6,637.1
Matara,Bandakka,2023,Total,132.2,1238.9
Matara,Bandakka,2023,Yala,61.6,601.8
Matara,Bandakka,2024,Maha,65.2,584.7
Matara,Bandakka,2024,Total,116.9,773.4
Matara,Bandakka,2024,Yala,51.7,188.7
Matara,Bandakka,2025,Maha,62.1,438.5
Matara,Bandakka,2025,Total,121.3,971.3
Matara,Bandakka,2025,Yala,59.2,532.8
Matara,Brinjal,2001,Maha,91.0,518.0
Matara,Brinjal,2001,Total,171.0,937.0
Matara,Brinjal,2001,Yala,80.0,419.0
Matara,Brinjal,2002,Maha,99.0,545.0
Matara,Brinjal,2002,Total,176.0,929.0
Matara,Brinjal,2002,Yala,77.0,384.0
Matara,Brinjal,2003,Maha,91.0,486.0
Matara,Brinjal,2003,Total,165.0,858.0
Matara,Brinjal,2003,Yala,74.0,372.0
Matara,Brinjal,2004,Maha,74.0,467.0
Matara,Brinjal,2004,Total,161.0,942.0
Matara,Brinjal,2004,Yala,87.0,475.0
Matara,Brinjal,2005,Maha,63.0,360.0
Matara,Brinjal,2005,Total,141.0,782.0
Matara,Brinjal,2005,Yala,78.0,422.0
Matara,Brinjal,2006,Maha,71.0,404.0
Matara,Brinjal,2006,Total,146.0,810.0
Matara,Brinjal,2006,Yala,75.0,406.0
Matara,Brinjal,2007,Maha,69.0,298.0
Matara,Brinjal,2007,Total,130.0,649.0
Matara,Brinjal,2007,Yala,61.0,351.0
Matara,Brinjal,2008,Maha,181.0,739.0
Matara,Brinjal,2008,Total,289.0,1263.0
Matara,Brinjal,2008,Yala,108.0,524.0
Matara,Brinjal,2009,Maha,151.0,934.0
Matara,Brinjal,2009,Total,151.0,934.0
Matara,Brinjal,2010,Maha,162.0,1447.0
Matara,Brinjal,2010,Total,256.0,2385.0
Matara,Brinjal,2010,Yala,94.0,938.0
Matara,Brinjal,2011,Maha,163.0,1594.0
Matara,Brinjal,2011,Total,297.0,2894.0
Matara,Brinjal,2011,Yala,134.0,1300.0
Matara,Brinjal,2012,Maha,195.0,1839.0
Matara,Brinjal,2012,Total,323.0,3825.0
Matara,Brinjal,2012,Yala,128.0,1986.0
Matara,Brinjal,2013,Maha,231.0,2073.0
Matara,Brinjal,2013,Total,381.0,4083.0
Matara,Brinjal,2013,Yala,150.0,2010.0
Matara,Brinjal,2014,Maha,178.0,1516.0
Matara,Brinjal,2014,Total,342.0,3245.0
Matara,Brinjal,2014,Yala,165.0,1729.0
Matara,Brinjal,2015,Maha,166.0,1690.0
Matara,Brinjal,2015,Total,293.0,3170.0
Matara,Brinjal,2015,Yala,127.0,1480.0
Matara,Brinjal,2016,Maha,112.0,1208.0
Matara,Brinjal,2016,Total,240.0,2729.0
Matara,Brinjal,2016,Yala,128.0,1521.0
Matara,Brinjal,2017,Maha,127.0,1391.0
Matara,Brinjal,2017,Total,248.0,2617.0
Matara,Brinjal,2017,Yala,121.0,1226.0
Matara,Brinjal,2018,Maha,130.0,1425.0
Matara,Brinjal,2018,Total,220.0,2380.0
Matara,Brinjal,2018,Yala,90.0,955.0
Matara,Brinjal,2019,Maha,108.0,1194.0
Matara,Brinjal,2019,Total,193.0,2421.0
Matara,Brinjal,2019,Yala,85.0,1227.0
Matara,Brinjal,2020,Maha,96.0,1140.0
Matara,Brinjal,2020,Total,193.0,2191.0
Matara,Brinjal,2020,Yala,97.0,1051.0
Matara,Brinjal,2021,Maha,107.4,830.5999999999999
Matara,Brinjal,2021,Total,203.4,1005.7
Matara,Brinjal,2021,Yala,96.0,175.10000000000002
Matara,Brinjal,2022,Maha,105.2,811.2
Matara,Brinjal,2022,Total,207.79999999999998,1808.4
Matara,Brinjal,2022,Yala,102.60000000000001,997.2
Matara,Brinjal,2023,Maha,96.3,934.4000000000001
Matara,Brinjal,2023,Total,185.0,1871.0
Matara,Brinjal,2023,Yala,88.69999999999999,936.6
Matara,Brinjal,2024,Maha,87.9,866.6
Matara,Brinjal,2024,Total,162.60000000000002,1165.6
Matara,Brinjal,2024,Yala,74.7,299.0
Matara,Brinjal,2025,Maha,91.6,743.4
Matara,Brinjal,2025,Total,176.3,1810.4
Matara,Brinjal,2025,Yala,84.7,1067.0
Matara,Chillies,2001,Maha,88.0,99.0
Matara,Chillies,2001,Total,172.0,196.0
Matara,Chillies,2001,Yala,84.0,97.0
Matara,Chillies,2002,Maha,73.0,74.0
Matara,Chillies,2002,Total,145.0,165.0
Matara,Chillies,2002,Yala,72.0,91.0
Matara,Chillies,2003,Maha,59.0,68.0
Matara,Chillies,2003,Total,112.0,134.0
Matara,Chillies,2003,Yala,53.0,66.0
Matara,Chillies,2004,Maha,45.0,55.0
Matara,Chillies,2004,Total,103.0,124.0
Matara,Chillies,2004,Yala,58.0,69.0
Matara,Chillies,2005,Maha,37.0,39.0
Matara,Chillies,2005,Total,90.0,104.0
Matara,Chillies,2005,Yala,53.0,65.0
Matara,Chillies,2006,Maha,44.0,46.0
Matara,Chillies,2006,Total,97.0,111.0
Matara,Chillies,2006,Yala,53.0,65.0
Matara,Chillies,2007,Maha,41.0,39.0
Matara,Chillies,2007,Total,84.0,122.0
Matara,Chillies,2007,Yala,43.0,83.0
Matara,Chillies,2008,Maha,120.0,198.0
Matara,Chillies,2008,Total,192.0,292.0
Matara,Chillies,2008,Yala,73.0,94.0
Matara,Chillies,2009,Maha,98.0,240.0
Matara,Chillies,2009,Total,98.0,240.0
Matara,Chillies,2010,Maha,105.0,271.0
Matara,Chillies,2010,Total,182.0,465.0
Matara,Chillies,2010,Yala,77.0,194.0
Matara,Chillies,2011,Maha,110.0,242.0
Matara,Chillies,2011,Total,210.0,526.0
Matara,Chillies,2011,Yala,100.0,284.0
Matara,Chillies,2012,Maha,130.0,273.0
Matara,Chillies,2012,Total,224.0,908.0
Matara,Chillies,2012,Yala,94.0,635.0
Matara,Chillies,2013,Maha,137.0,287.0
Matara,Chillies,2013,Total,255.0,878.0
Matara,Chillies,2013,Yala,118.0,591.0
Matara,Chillies,2014,Maha,130.0,480.0
Matara,Chillies,2014,Total,248.0,1071.0
Matara,Chillies,2014,Yala,118.0,591.0
Matara,Chillies,2015,Maha,137.0,413.0
Matara,Chillies,2015,Total,271.0,787.0
Matara,Chillies,2015,Yala,134.0,374.0
Matara,Chillies,2016,Maha,113.0,490.0
Matara,Chillies,2016,Total,199.0,897.0
Matara,Chillies,2016,Yala,86.0,407.0
Matara,Chillies,2017,Maha,106.0,379.0
Matara,Chillies,2017,Total,203.0,713.0
Matara,Chillies,2017,Yala,97.0,334.0
Matara,Chillies,2018,Maha,111.0,408.0
Matara,Chillies,2018,Total,204.0,748.0
Matara,Chillies,2018,Yala,93.0,340.0
Matara,Chillies,2019,Maha,99.0,528.0
Matara,Chillies,2019,Total,197.0,870.0
Matara,Chillies,2019,Yala,98.0,342.0
Matara,Chillies,2020,Maha,92.0,442.0
Matara,Chillies,2020,Total,209.0,851.5
Matara,Chillies,2020,Yala,117.0,409.5
Matara,Chillies,2021,Maha,99.2,404.0
Matara,Chillies,2021,Total,203.8,770.2
Matara,Chillies,2021,Yala,104.6,366.2
Matara,Chillies,2022,Maha,100.8,413.3
Matara,Chillies,2022,Total,208.9,789.9
Matara,Chillies,2022,Yala,108.1,376.6
Matara,Chillies,2023,Maha,97.4,384.2
Matara,Chillies,2023,Total,182.0,717.9
Matara,Chillies,2023,Yala,84.6,333.7
Matara,Chillies,2024,Maha,88.5,348.1
Matara,Chillies,2024,Total,158.6,626.0
Matara,Chillies,2024,Yala,70.1,277.9
Matara,Chillies,2025,Maha,94.7,390.7
Matara,Chillies,2025,Total,176.1,716.3
Matara,Chillies,2025,Yala,81.4,325.6
Matara,Corn,2003,Maha,6.0,6.0
Matara,Corn,2003,Total,7.0,7.0
Matara,Corn,2003,Yala,1.0,1.0
Matara,Corn,2004,Maha,1.0,1.0
Matara,Corn,2004,Total,4.0,4.0
Matara,Corn,2004,Yala,3.0,3.0
Matara,Corn,2005,Maha,1.0,1.0
Matara,Corn,2005,Total,2.0,3.0
Matara,Corn,2005,Yala,1.0,2.0
Matara,Corn,2006,Maha,1.0,1.0
Matara,Corn,2006,Total,1.0,1.0
Matara,Corn,2007,Maha,1.0,2.0
Matara,Corn,2007,Total,2.0,3.0
Matara,Corn,2007,Yala,1.0,1.0
Matara,Corn,2008,Maha,7.0,11.0
Matara,Corn,2008,Total,9.0,14.0
Matara,Corn,2008,Yala,2.0,3.0
Matara,Corn,2009,Maha,6.0,9.0
Matara,Corn,2009,Total,6.0,9.0
Matara,Corn,2010,Maha,4.0,16.0
Matara,Corn,2010,Total,6.0,19.0
Matara,Corn,2010,Yala,2.0,3.0
Matara,Corn,2011,Maha,8.0,10.0
Matara,Corn,2011,Total,11.0,14.0
Matara,Corn,2011,Yala,3.0,4.0
Matara,Corn,2012,Maha,8.0,9.0
Matara,Corn,2012,Total,10.0,12.0
Matara,Corn,2012,Yala,2.0,3.0
Matara,Corn,2013,Maha,8.0,10.0
Matara,Corn,2013,Total,13.0,20.0
Matara,Corn,2013,Yala,5.0,10.0
Matara,Corn,2014,Maha,6.0,26.0
Matara,Corn,2014,Total,8.0,26.0
Matara,Corn,2014,Yala,2.0,0.0
Matara,Corn,2015,Maha,3.0,5.0
Matara,Corn,2015,Total,4.0,7.0
Matara,Corn,2015,Yala,1.0,2.0
Matara,Corn,2016,Maha,3.0,8.0
Matara,Corn,2016,Total,4.0,9.0
Matara,Corn,2016,Yala,1.0,1.0
Matara,Corn,2017,Maha,2.0,4.0
Matara,Corn,2017,Total,6.0,14.0
Matara,Corn,2017,Yala,4.0,10.0
Matara,Corn,2018,Maha,6.0,9.0
Matara,Corn,2018,Total,8.0,13.0
Matara,Corn,2018,Yala,2.0,4.0
Matara,Corn,2019,Maha,2.0,6.0
Matara,Corn,2019,Total,4.0,12.0
Matara,Corn,2019,Yala,2.0,6.0
Matara,Corn,2020,Maha,2.0,7.0
Matara,Corn,2020,Total,8.0,23.8
Matara,Corn,2020,Yala,6.0,16.8
Matara,Corn,2021,Maha,4.0,11.3
Matara,Corn,2021,Total,8.3,23.2
Matara,Corn,2021,Yala,4.3,11.9
Matara,Corn,2022,Maha,3.0,8.9
Matara,Corn,2022,Total,6.2,17.9
Matara,Corn,2022,Yala,3.2,9.0
Matara,Corn,2023,Maha,7.8,23.1
Matara,Corn,2023,Total,15.8,51.3
Matara,Corn,2023,Yala,8.0,28.2
Matara,Corn,2024,Maha,10.7,47.0
Matara,Corn,2024,Total,15.6,52.8
Matara,Corn,2024,Yala,4.9,5.8
Matara,Corn,2025,Maha,7.4,56.8
Matara,Corn,2025,Total,12.2,73.1
Matara,Corn,2025,Yala,4.8,16.3
Matara,Mung Beans,2001,Maha,2.0,1.0
Matara,Mung Beans,2001,Total,2.0,1.0
Matara,Mung Beans,2002,Maha,2.0,1.0
Matara,Mung Beans,2002,Total,2.0,1.0
Matara,Mung Beans,2003,Maha,7.0,4.0
Matara,Mung Beans,2003,Total,8.0,5.0
Matara,Mung Beans,2003,Yala,1.0,1.0
Matara,Mung Beans,2004,Maha,5.0,5.0
Matara,Mung Beans,2004,Total,7.0,6.0
Matara,Mung Beans,2004,Yala,2.0,1.0
Matara,Mung Beans,2005,Maha,1.0,1.0
Matara,Mung Beans,2005,Total,7.0,5.0
Matara,Mung Beans,2005,Yala,6.0,4.0
Matara,Mung Beans,2006,Maha,2.0,2.0
Matara,Mung Beans,2006,Total,7.0,6.0
Matara,Mung Beans,2006,Yala,5.0,4.0
Matara,Mung Beans,2007,Maha,2.0,2.0
Matara,Mung Beans,2007,Total,6.0,8.0
Matara,Mung Beans,2007,Yala,4.0,6.0
Matara,Mung Beans,2008,Maha,3.0,4.0
Matara,Mung Beans,2008,Total,7.0,8.0
Matara,Mung Beans,2008,Yala,4.0,4.0
Matara,Mung Beans,2009,Maha,4.0,5.0
Matara,Mung Beans,2009,Total,4.0,5.0
Matara,Mung Beans,2010,Maha,2.0,2.0
Matara,Mung Beans,2010,Total,5.0,6.0
Matara,Mung Beans,2010,Yala,2.0,4.0
Matara,Mung Beans,2011,Maha,35.0,5.0
Matara,Mung Beans,2011,Total,38.0,9.0
Matara,Mung Beans,2011,Yala,3.0,4.0
Matara,Mung Beans,2012,Maha,4.0,4.0
Matara,Mung Beans,2012,Total,23.0,35.0
Matara,Mung Beans,2012,Yala,20.0,31.0
Matara,Mung Beans,2013,Maha,4.0,4.0
Matara,Mung Beans,2013,Total,61.0,108.0
Matara,Mung Beans,2013,Yala,57.0,104.0
Matara,Mung Beans,2014,Maha,4.0,2.0
Matara,Mung Beans,2014,Total,26.0,38.0
Matara,Mung Beans,2014,Yala,22.0,36.0
Matara,Mung Beans,2015,Maha,60.0,71.0
Matara,Mung Beans,2015,Total,83.0,106.0
Matara,Mung Beans,2015,Yala,23.0,35.0
Matara,Mung Beans,2016,Maha,26.0,65.0
Matara,Mung Beans,2016,Total,48.0,101.0
Matara,Mung Beans,2016,Yala,22.0,36.0
Matara,Mung Beans,2017,Maha,25.0,32.0
Matara,Mung Beans,2017,Total,30.0,39.0
Matara,Mung Beans,2017,Yala,5.0,7.0
Matara,Mung Beans,2018,Maha,20.0,30.0
Matara,Mung Beans,2018,Total,24.0,34.0
Matara,Mung Beans,2018,Yala,4.0,4.0
Matara,Mung Beans,2019,Maha,2.0,2.0
Matara,Mung Beans,2019,Total,2.0,2.0
Matara,Mung Beans,2020,Maha,1.0,1.0
Matara,Mung Beans,2020,Total,19.0,17.2
Matara,Mung Beans,2020,Yala,18.0,16.2
Matara,Mung Beans,2021,Maha,3.0,3.0
Matara,Mung Beans,2021,Total,8.6,8.1
Matara,Mung Beans,2021,Yala,5.6,5.1
Matara,Mung Beans,2022,Maha,1.4,1.4
Matara,Mung Beans,2022,Total,5.0,5.7
Matara,Mung Beans,2022,Yala,3.6,4.3
Matara,Mung Beans,2023,Maha,6.7,6.6
Matara,Mung Beans,2023,Total,10.4,11.8
Matara,Mung Beans,2023,Yala,3.7,5.2
Matara,Mung Beans,2024,Maha,5.1,5.0
Matara,Mung Beans,2024,Total,8.2,6.2
Matara,Mung Beans,2024,Yala,3.1,1.2
Matara,Mung Beans,2025,Maha,3.9,5.3
Matara,Mung Beans,2025,Total,6.1,7.5
Matara,Mung Beans,2025,Yala,2.2,2.2
Matara,Pumpkin,2001,Maha,13.0,82.0
Matara,Pumpkin,2001,Total,23.0,183.0
Matara,Pumpkin,2001,Yala,10.0,101.0
Matara,Pumpkin,2002,Maha,14.0,81.0
Matara,Pumpkin,2002,Total,23.0,123.0
Matara,Pumpkin,2002,Yala,9.0,42.0
Matara,Pumpkin,2003,Maha,3.0,18.0
Matara,Pumpkin,2003,Total,14.0,87.0
Matara,Pumpkin,2003,Yala,11.0,69.0
Matara,Pumpkin,2004,Maha,4.0,11.0
Matara,Pumpkin,2004,Total,30.0,203.0
Matara,Pumpkin,2004,Yala,26.0,192.0
Matara,Pumpkin,2005,Maha,14.0,48.0
Matara,Pumpkin,2005,Total,24.0,90.0
Matara,Pumpkin,2005,Yala,10.0,42.0
Matara,Pumpkin,2006,Maha,12.0,45.0
Matara,Pumpkin,2006,Total,24.0,96.0
Matara,Pumpkin,2006,Yala,12.0,51.0
Matara,Pumpkin,2007,Maha,11.0,49.0
Matara,Pumpkin,2007,Total,20.0,89.0
Matara,Pumpkin,2007,Yala,9.0,40.0
Matara,Pumpkin,2008,Maha,15.0,77.0
Matara,Pumpkin,2008,Total,25.0,119.0
Matara,Pumpkin,2008,Yala,10.0,42.0
Matara,Pumpkin,2009,Maha,12.0,118.0
Matara,Pumpkin,2009,Total,12.0,118.0
Matara,Pumpkin,2010,Maha,10.0,126.0
Matara,Pumpkin,2010,Total,33.0,296.0
Matara,Pumpkin,2010,Yala,23.0,170.0
Matara,Pumpkin,2011,Maha,14.0,129.0
Matara,Pumpkin,2011,Total,20.0,223.0
Matara,Pumpkin,2011,Yala,6.0,94.0
Matara,Pumpkin,2012,Maha,11.0,113.0
Matara,Pumpkin,2012,Total,16.0,228.0
Matara,Pumpkin,2012,Yala,6.0,115.0
Matara,Pumpkin,2013,Maha,11.0,119.0
Matara,Pumpkin,2013,Total,31.0,370.0
Matara,Pumpkin,2013,Yala,19.0,251.0
Matara,Pumpkin,2014,Maha,11.0,135.0
Matara,Pumpkin,2014,Total,33.0,369.0
Matara,Pumpkin,2014,Yala,22.0,234.0
Matara,Pumpkin,2015,Maha,12.0,105.0
Matara,Pumpkin,2015,Total,33.0,311.0
Matara,Pumpkin,2015,Yala,21.0,206.0
Matara,Pumpkin,2016,Maha,37.0,479.0
Matara,Pumpkin,2016,Total,49.0,642.0
Matara,Pumpkin,2016,Yala,12.0,163.0
Matara,Pumpkin,2017,Maha,13.0,151.0
Matara,Pumpkin,2017,Total,25.0,331.0
Matara,Pumpkin,2017,Yala,12.0,180.0
Matara,Pumpkin,2018,Maha,12.0,146.0
Matara,Pumpkin,2018,Total,23.0,256.0
Matara,Pumpkin,2018,Yala,11.0,110.0
Matara,Pumpkin,2019,Maha,7.0,90.0
Matara,Pumpkin,2019,Total,19.0,233.0
Matara,Pumpkin,2019,Yala,12.0,143.0
Matara,Pumpkin,2020,Maha,5.0,60.0
Matara,Pumpkin,2020,Total,17.0,192.0
Matara,Pumpkin,2020,Yala,12.0,132.0
Matara,Pumpkin,2021,Maha,4.2,34.5
Matara,Pumpkin,2021,Total,15.600000000000001,157.1
Matara,Pumpkin,2021,Yala,11.4,122.6
Matara,Pumpkin,2022,Maha,4.8999999999999995,6.3
Matara,Pumpkin,2022,Total,17.0,137.3
Matara,Pumpkin,2022,Yala,12.100000000000001,131.0
Matara,Pumpkin,2023,Maha,5.3,38.5
Matara,Pumpkin,2023,Total,12.899999999999999,85.30000000000001
Matara,Pumpkin,2023,Yala,7.6,46.8
Matara,Pumpkin,2024,Maha,3.8000000000000003,35.300000000000004
Matara,Pumpkin,2024,Total,9.1,55.199999999999996
Matara,Pumpkin,2024,Yala,5.3,19.9
Matara,Pumpkin,2025,Maha,7.1,46.8
Matara,Pumpkin,2025,Total,13.0,132.1
Matara,Pumpkin,2025,Yala,5.9,85.3
