District,Year,Season,Crop,Farmer_Record_Count,Total_Land_Acres,Average_Land_Acres,Total_Expected_Production_kg,Average_Expected_Yield_kg_per_Acre,Cluster
Hambantota,2020,Maha,Bandakka,10,38.5,3.85,189025.0,4860.0,1
Hambantota,2020,Maha,Brinjal,11,42.5,3.863636363636364,235825.0,5718.181818181818,1
Hambantota,2020,Maha,Chillies,10,36.5,3.65,63200.0,1710.0,0
Hambantota,2020,Maha,Corn,10,36.0,3.6,35175.0,980.0,0
Hambantota,2020,Maha,Mung Beans,10,32.5,3.25,16175.0,500.0,0
Hambantota,2020,Maha,Pumpkin,10,33.5,3.35,229125.0,7050.0,1
Hambantota,2020,Yala,Bandakka,10,28.0,2.8,97575.0,3660.0,1
Hambantota,2020,Yala,Brinjal,10,55.5,5.55,348125.0,6235.0,1
Hambantota,2020,Yala,Chillies,10,42.0,4.2,337575.0,7915.0,1
Hambantota,2020,Yala,Corn,10,30.5,3.05,27450.0,920.0,0
Hambantota,2020,Yala,Mung Beans,10,42.5,4.25,20475.0,465.0,0
Hambantota,2020,Yala,Pumpkin,10,32.5,3.25,200200.0,5905.0,1
Hambantota,2021,Maha,Bandakka,10,35.0,3.5,175275.0,5165.0,1
Hambantota,2021,Maha,Brinjal,10,36.5,3.65,210800.0,5720.0,1
Hambantota,2021,Maha,Chillies,10,31.5,3.15,36900.0,1220.0,0
Hambantota,2021,Maha,Corn,10,36.0,3.6,33250.0,935.0,0
Hambantota,2021,Maha,Mung Beans,10,23.0,2.3,10875.0,465.0,0
Hambantota,2021,Maha,Pumpkin,10,18.5,1.85,140725.0,7120.0,1
Hambantota,2021,Yala,Bandakka,10,34.5,3.45,163075.0,4620.0,1
Hambantota,2021,Yala,Brinjal,10,32.5,3.25,177375.0,5550.0,1
Hambantota,2021,Yala,Chillies,10,26.5,2.65,35600.0,1350.0,0
Hambantota,2021,Yala,Corn,10,25.5,2.55,17300.0,680.0,0
Hambantota,2021,Yala,Mung Beans,10,30.0,3.0,10575.0,350.0,0
Hambantota,2021,Yala,Pumpkin,10,30.5,3.05,212600.0,6785.0,1
Hambantota,2022,Maha,Bandakka,10,25.5,2.55,137150.0,5100.0,1
Hambantota,2022,Maha,Brinjal,10,41.0,4.1,216350.0,5140.0,1
Hambantota,2022,Maha,Chillies,10,47.5,4.75,57925.0,1190.0,0
Hambantota,2022,Maha,Corn,10,28.5,2.85,22650.0,790.0,0
Hambantota,2022,Maha,Mung Beans,10,30.5,3.05,12450.0,400.0,0
Hambantota,2022,Maha,Pumpkin,10,25.5,2.55,38750.0,1600.0,0
Hambantota,2022,Yala,Bandakka,10,21.5,2.15,94475.0,4515.0,1
Hambantota,2022,Yala,Brinjal,10,22.5,2.25,144625.0,6000.0,1
Hambantota,2022,Yala,Chillies,10,32.5,3.25,39450.0,1180.0,0
Hambantota,2022,Yala,Corn,10,27.5,2.75,19725.0,720.0,0
Hambantota,2022,Yala,Mung Beans,11,28.0,2.5454545454545454,8775.0,318.1818181818182,0
Hambantota,2022,Yala,Pumpkin,10,48.5,4.85,318750.0,6820.0,1
Hambantota,2023,Maha,Bandakka,10,28.0,2.8,124275.0,4610.0,1
Hambantota,2023,Maha,Brinjal,10,36.5,3.65,186550.0,5100.0,1
Hambantota,2023,Maha,Chillies,10,28.5,2.85,27600.0,965.0,0
Hambantota,2023,Maha,Corn,10,13.5,1.35,7850.0,600.0,0
Hambantota,2023,Maha,Mung Beans,10,46.5,4.65,17375.0,380.0,0
Hambantota,2023,Maha,Pumpkin,10,36.5,3.65,251725.0,6995.0,1
Hambantota,2023,Yala,Bandakka,10,35.5,3.55,146500.0,4210.0,1
Hambantota,2023,Yala,Brinjal,10,34.5,3.45,203025.0,5895.0,1
Hambantota,2023,Yala,Chillies,10,25.5,2.55,29375.0,1115.0,0
Hambantota,2023,Yala,Corn,10,24.5,2.45,13250.0,555.0,0
Hambantota,2023,Yala,Mung Beans,10,22.5,2.25,7275.0,320.0,0
Hambantota,2023,Yala,Pumpkin,10,39.5,3.95,259700.0,6700.0,1
Hambantota,2024,Maha,Bandakka,10,35.0,3.5,152525.0,4350.0,1
Hambantota,2024,Maha,Brinjal,10,39.5,3.95,208250.0,5140.0,1
Hambantota,2024,Maha,Chillies,10,29.0,2.9,25750.0,920.0,0
Hambantota,2024,Maha,Corn,10,36.5,3.65,22825.0,620.0,0
Hambantota,2024,Maha,Mung Beans,10,33.5,3.35,13025.0,380.0,0
Hambantota,2024,Maha,Pumpkin,10,20.5,2.05,147825.0,7000.0,1
Hambantota,2024,Yala,Bandakka,10,15.5,1.55,62150.0,4095.0,0
Hambantota,2024,Yala,Brinjal,10,34.5,3.45,154475.0,4535.0,1
Hambantota,2024,Yala,Chillies,10,35.5,3.55,39225.0,1080.0,0
Hambantota,2024,Yala,Corn,10,23.5,2.35,13525.0,600.0,0
Hambantota,2024,Yala,Mung Beans,10,22.0,2.2,8950.0,420.0,0
Hambantota,2024,Yala,Pumpkin,10,35.0,3.5,223900.0,6560.0,1
Hambantota,2025,Maha,Bandakka,10,43.5,4.35,177600.0,4105.0,1
Hambantota,2025,Maha,Brinjal,10,39.0,3.9,195900.0,5050.0,1
Hambantota,2025,Maha,Chillies,10,34.0,3.4,31550.0,965.0,0
Hambantota,2025,Maha,Corn,11,31.5,2.863636363636364,20825.0,681.8181818181819,0
Hambantota,2025,Maha,Mung Beans,10,31.0,3.1,13500.0,440.0,0
Hambantota,2025,Maha,Pumpkin,10,25.0,2.5,175825.0,6850.0,1
Hambantota,2025,Yala,Bandakka,10,37.5,3.75,152000.0,4000.0,1
Hambantota,2025,Yala,Brinjal,11,37.5,3.409090909090909,139975.0,3818.181818181818,1
Hambantota,2025,Yala,Chillies,10,51.5,5.15,65625.0,1310.0,0
Hambantota,2025,Yala,Corn,11,30.5,2.772727272727273,29000.0,963.6363636363636,0
Hambantota,2025,Yala,Mung Beans,10,37.0,3.7,13350.0,350.0,0
Hambantota,2025,Yala,Pumpkin,10,32.0,3.2,144700.0,4515.0,1
Matara,2020,Maha,Bandakka,10,21.5,2.15,86150.0,4020.0,0
Matara,2020,Maha,Brinjal,10,23.0,2.3,108975.0,4805.0,1
Matara,2020,Maha,Chillies,11,55.0,5.0,107700.0,1950.0,1
Matara,2020,Maha,Corn,10,24.5,2.45,34125.0,1400.0,0
Matara,2020,Maha,Mung Beans,10,27.5,2.75,11600.0,410.0,0
Matara,2020,Maha,Pumpkin,10,28.5,2.85,136225.0,4860.0,1
Matara,2020,Yala,Bandakka,10,36.5,3.65,119750.0,3440.0,1
Matara,2020,Yala,Brinjal,10,38.0,3.8,165350.0,4380.0,1
Matara,2020,Yala,Chillies,10,35.0,3.5,48950.0,1400.0,0
Matara,2020,Yala,Corn,10,24.0,2.4,27800.0,1135.0,0
Matara,2020,Yala,Mung Beans,10,35.0,3.5,13725.0,380.0,0
Matara,2020,Yala,Pumpkin,10,33.0,3.3,145900.0,4450.0,1
Matara,2021,Maha,Bandakka,10,32.0,3.2,113125.0,3355.0,1
Matara,2021,Maha,Brinjal,10,27.0,2.7,83000.0,3120.0,0
Matara,2021,Maha,Chillies,10,31.5,3.15,54050.0,1650.0,0
Matara,2021,Maha,Corn,10,26.0,2.6,29775.0,1150.0,0
Matara,2021,Maha,Mung Beans,10,40.0,4.0,16625.0,410.0,0
Matara,2021,Maha,Pumpkin,10,30.5,3.05,98800.0,3305.0,1
Matara,2021,Yala,Bandakka,10,53.5,5.35,186700.0,3440.0,1
Matara,2021,Yala,Brinjal,10,34.5,3.45,24950.0,720.0,0
Matara,2021,Yala,Chillies,11,37.0,3.363636363636364,53650.0,1409.090909090909,0
Matara,2021,Yala,Corn,10,13.5,1.35,14800.0,1115.0,0
Matara,2021,Yala,Mung Beans,10,42.0,4.2,16000.0,380.0,0
Matara,2021,Yala,Pumpkin,10,24.0,2.4,108575.0,4350.0,1
Matara,2022,Maha,Bandakka,10,36.0,3.6,116525.0,3300.0,1
Matara,2022,Maha,Brinjal,10,35.0,3.5,111100.0,3120.0,1
Matara,2022,Maha,Chillies,10,24.5,2.45,39350.0,1655.0,0
Matara,2022,Maha,Corn,10,41.5,4.15,50075.0,1200.0,0
Matara,2022,Maha,Mung Beans,11,26.5,2.409090909090909,11025.0,409.09090909090907,0
Matara,2022,Maha,Pumpkin,10,34.5,3.45,17075.0,515.0,0
Matara,2022,Yala,Bandakka,10,39.5,3.95,141475.0,3440.0,1
Matara,2022,Yala,Brinjal,10,22.0,2.2,85550.0,3940.0,0
Matara,2022,Yala,Chillies,10,28.0,2.8,40775.0,1400.0,0
Matara,2022,Yala,Corn,10,37.5,3.75,43125.0,1135.0,0
Matara,2022,Yala,Mung Beans,10,48.0,4.8,23575.0,485.0,0
Matara,2022,Yala,Pumpkin,10,30.5,3.05,131950.0,4380.0,1
Matara,2023,Maha,Bandakka,10,46.5,4.65,168775.0,3650.0,1
Matara,2023,Maha,Brinjal,11,47.0,4.2727272727272725,187850.0,3918.181818181818,1
Matara,2023,Maha,Chillies,10,19.5,1.95,33225.0,1600.0,0
Matara,2023,Maha,Corn,10,19.5,1.95,24400.0,1200.0,0
Matara,2023,Maha,Mung Beans,10,25.5,2.55,10200.0,400.0,0
Matara,2023,Maha,Pumpkin,10,24.5,2.45,67950.0,2940.0,0
Matara,2023,Yala,Bandakka,10,28.5,2.85,107725.0,3950.0,1
Matara,2023,Yala,Brinjal,10,19.0,1.9,82900.0,4280.0,0
Matara,2023,Yala,Chillies,10,27.5,2.75,44875.0,1600.0,0
Matara,2023,Yala,Corn,10,40.0,4.0,58075.0,1420.0,0
Matara,2023,Yala,Mung Beans,10,42.0,4.2,23475.0,565.0,0
Matara,2023,Yala,Pumpkin,10,31.5,3.15,79300.0,2500.0,0
Matara,2024,Maha,Bandakka,10,28.0,2.8,106275.0,3635.0,1
Matara,2024,Maha,Brinjal,10,22.0,2.2,86975.0,3980.0,0
Matara,2024,Maha,Chillies,10,26.0,2.6,40200.0,1600.0,0
Matara,2024,Maha,Corn,10,25.5,2.55,44700.0,1780.0,0
Matara,2024,Maha,Mung Beans,10,26.5,2.65,10325.0,400.0,0
Matara,2024,Maha,Pumpkin,10,27.0,2.7,101950.0,3765.0,1
Matara,2024,Yala,Bandakka,10,19.0,1.9,28575.0,1480.0,0
Matara,2024,Yala,Brinjal,10,31.0,3.1,48450.0,1610.0,0
Matara,2024,Yala,Chillies,10,35.5,3.55,55325.0,1600.0,0
Matara,2024,Yala,Corn,10,30.0,3.0,14500.0,485.0,0
Matara,2024,Yala,Mung Beans,10,39.0,3.9,6225.0,160.0,0
Matara,2024,Yala,Pumpkin,10,39.5,3.95,60850.0,1515.0,0
Matara,2025,Maha,Bandakka,10,33.5,3.35,95850.0,2850.0,0
Matara,2025,Maha,Brinjal,10,34.5,3.45,109550.0,3300.0,1
Matara,2025,Maha,Chillies,10,37.0,3.7,60050.0,1655.0,0
Matara,2025,Maha,Corn,10,24.0,2.4,71300.0,3100.0,0
Matara,2025,Maha,Mung Beans,10,31.5,3.15,17550.0,550.0,0
Matara,2025,Maha,Pumpkin,10,39.5,3.95,103650.0,2680.0,1
Matara,2025,Yala,Bandakka,10,39.0,3.9,147800.0,3650.0,1
Matara,2025,Yala,Brinjal,10,21.5,2.15,102600.0,5100.0,1
Matara,2025,Yala,Chillies,10,33.0,3.3,53575.0,1610.0,0
Matara,2025,Yala,Corn,10,36.0,3.6,49575.0,1380.0,0
Matara,2025,Yala,Mung Beans,10,21.0,2.1,8175.0,410.0,0
Matara,2025,Yala,Pumpkin,11,29.0,2.636363636363636,174350.0,5854.545454545455,1
