Scheme,Lower_Threshold,Upper_Threshold,Grouping,Group_Value,Risk_Level,Count,Percentage,Mean_Risk_Score,Minimum_Risk_Score,Maximum_Risk_Score
A,0.8,1.2,Overall,All,Low,47,39.166666666666664,0.6433271758731142,0.3307815848017666,0.7973519760217382
A,0.8,1.2,Overall,All,Medium,47,39.166666666666664,0.9793045716705511,0.8073831931511662,1.1833092660057398
A,0.8,1.2,Overall,All,High,26,21.666666666666668,1.4459944376888463,1.2333815251161218,2.012323943661972
A,0.8,1.2,Crop,Bandakka,Low,6,30.0,0.627882191147224,0.3433588441863617,0.7959893581341383
A,0.8,1.2,Crop,Bandakka,Medium,6,30.0,0.967892175433739,0.8503964966268197,1.1833092660057398
A,0.8,1.2,Crop,Bandakka,High,8,40.0,1.3833128177265386,1.2418070576197784,1.5809841371209414
A,0.8,1.2,Crop,Brinjal,Low,6,30.0,0.6334802573708833,0.5293933920073846,0.7530016126986427
A,0.8,1.2,Crop,Brinjal,Medium,12,60.0,0.929073129999051,0.8163600362246544,1.0339791070670117
A,0.8,1.2,Crop,Brinjal,High,2,10.0,1.5189266593032518,1.2787211876546425,1.759132130951861
A,0.8,1.2,Crop,Chillies,Low,12,60.0,0.6092853930336796,0.3682052136562245,0.7863060428849903
A,0.8,1.2,Crop,Chillies,Medium,7,35.0,1.0424709169103081,0.8644814608450724,1.1446449496133115
A,0.8,1.2,Crop,Chillies,High,1,5.0,1.2772007404360344,1.2772007404360344,1.2772007404360344
A,0.8,1.2,Crop,Corn,Low,8,40.0,0.6540342875687071,0.3307815848017666,0.7832070571697461
A,0.8,1.2,Crop,Corn,Medium,6,30.0,1.0045868959860458,0.9318535514764564,1.1034695638436205
A,0.8,1.2,Crop,Corn,High,6,30.0,1.6039208172161432,1.3743684566904526,2.012323943661972
A,0.8,1.2,Crop,Mung Beans,Low,9,45.0,0.6697616381010092,0.501089308691075,0.7967238108144734
A,0.8,1.2,Crop,Mung Beans,Medium,6,30.0,1.021970697586261,0.8611081731684513,1.1828779599271404
A,0.8,1.2,Crop,Mung Beans,High,5,25.0,1.3675943721783703,1.2333815251161218,1.4708566382101855
A,0.8,1.2,Crop,Pumpkin,Low,6,30.0,0.682774802510805,0.5832116015666349,0.7973519760217382
A,0.8,1.2,Crop,Pumpkin,Medium,10,50.0,0.9614442276118856,0.8073831931511662,1.094715073651098
A,0.8,1.2,Crop,Pumpkin,High,4,20.0,1.4382005037166128,1.285168079957214,1.6305522002747384
A,0.8,1.2,District,Hambantota,Low,26,43.333333333333336,0.6371565094655364,0.3307815848017666,0.7959893581341383
A,0.8,1.2,District,Hambantota,Medium,24,40.0,0.9567363535748923,0.8073831931511662,1.135679887812033
A,0.8,1.2,District,Hambantota,High,10,16.666666666666664,1.3843081239987778,1.2333815251161218,1.6305522002747384
A,0.8,1.2,District,Matara,Low,21,35.0,0.6509670485682106,0.3433588441863617,0.7973519760217382
A,0.8,1.2,District,Matara,Medium,23,38.333333333333336,1.0028540166399342,0.8163600362246544,1.1833092660057398
A,0.8,1.2,District,Matara,High,16,26.666666666666668,1.4845483837451394,1.2576418957974995,2.012323943661972
A,0.8,1.2,Year,2021,Low,11,45.83333333333333,0.6005997870390977,0.3682052136562245,0.7357234095582279
A,0.8,1.2,Year,2021,Medium,9,37.5,0.9843554433910877,0.8763533527478626,1.1828779599271404
A,0.8,1.2,Year,2021,High,4,16.666666666666664,1.4521850081093048,1.4007443750084358,1.5124174221408755
A,0.8,1.2,Year,2022,Low,12,50.0,0.6698486799060265,0.5265136557343364,0.7863060428849903
A,0.8,1.2,Year,2022,Medium,5,20.833333333333336,0.9798425803395896,0.900546581824115,1.053606237816764
A,0.8,1.2,Year,2022,High,7,29.166666666666668,1.4842576153306943,1.2576418957974995,2.012323943661972
A,0.8,1.2,Year,2023,Low,12,50.0,0.6491920269087419,0.3307815848017666,0.7973519760217382
A,0.8,1.2,Year,2023,Medium,6,25.0,0.9599072571016896,0.8478216989066442,1.1646472795497185
A,0.8,1.2,Year,2023,High,6,25.0,1.5850725588872239,1.2527247699502189,1.8161854768153984
A,0.8,1.2,Year,2024,Low,10,41.66666666666667,0.6572394418812546,0.3433588441863617,0.7832070571697461
A,0.8,1.2,Year,2024,Medium,14,58.333333333333336,0.9605383395713877,0.8073831931511662,1.1446449496133115
A,0.8,1.2,Year,2024,High,0,0.0,,,
A,0.8,1.2,Year,2025,Low,2,8.333333333333332,0.6144483540082634,0.501089308691075,0.7278073993254517
A,0.8,1.2,Year,2025,Medium,13,54.166666666666664,1.004763283052969,0.8628144716686224,1.1833092660057398
A,0.8,1.2,Year,2025,High,9,37.5,1.3207640763149537,1.2333815251161218,1.4116008855211706
A,0.8,1.2,Season,Maha,Low,20,33.33333333333333,0.6579656499799587,0.3307815848017666,0.7973519760217382
A,0.8,1.2,Season,Maha,Medium,26,43.333333333333336,0.9665238245514695,0.8073831931511662,1.1379079694144956
A,0.8,1.2,Season,Maha,High,14,23.333333333333332,1.4233570101588353,1.2418070576197784,1.759132130951861
A,0.8,1.2,Season,Yala,Low,27,45.0,0.6324838617198961,0.3433588441863617,0.7863060428849903
A,0.8,1.2,Season,Yala,Medium,21,35.0,0.9951283538179853,0.8163600362246544,1.1833092660057398
A,0.8,1.2,Season,Yala,High,12,20.0,1.4724047698071925,1.2333815251161218,2.012323943661972
B,0.75,1.25,Overall,All,Low,39,32.5,0.6150825097902111,0.3307815848017666,0.7483787756011823
B,0.75,1.25,Overall,All,Medium,57,47.5,0.9605379444819288,0.7523757735829514,1.2418070576197784
B,0.75,1.25,Overall,All,High,24,20.0,1.4633611165489213,1.2527247699502189,2.012323943661972
B,0.75,1.25,Crop,Bandakka,Low,5,25.0,0.5942607577498411,0.3433588441863617,0.7234142078461909
B,0.75,1.25,Crop,Bandakka,Medium,8,40.0,0.9806436835445438,0.7959893581341383,1.2418070576197784
B,0.75,1.25,Crop,Bandakka,High,7,35.0,1.4035279263132185,1.2527247699502189,1.5809841371209414
B,0.75,1.25,Crop,Brinjal,Low,4,20.0,0.5738760394859264,0.5293933920073846,0.6876644429732988
B,0.75,1.25,Crop,Brinjal,Medium,14,70.0,0.9038753533050148,0.7523757735829514,1.0339791070670117
B,0.75,1.25,Crop,Brinjal,High,2,10.0,1.5189266593032518,1.2787211876546425,1.759132130951861
B,0.75,1.25,Crop,Chillies,Low,11,55.00000000000001,0.5931926066835603,0.3682052136562245,0.7415806304323211
B,0.75,1.25,Crop,Chillies,Medium,8,40.0,1.0104503076571434,0.7863060428849903,1.1446449496133115
B,0.75,1.25,Crop,Chillies,High,1,5.0,1.2772007404360344,1.2772007404360344,1.2772007404360344
B,0.75,1.25,Crop,Corn,Low,7,35.0,0.6355810347685588,0.3307815848017666,0.7483787756011823
B,0.75,1.25,Crop,Corn,Medium,7,35.0,0.9729612047265744,0.7832070571697461,1.1034695638436205
B,0.75,1.25,Crop,Corn,High,6,30.0,1.6039208172161432,1.3743684566904526,2.012323943661972
B,0.75,1.25,Crop,Mung Beans,Low,7,35.0,0.6354181684547358,0.501089308691075,0.7377660400807831
B,0.75,1.25,Crop,Mung Beans,Medium,9,45.0,0.9939036971510689,0.7832037529114588,1.2333815251161218
B,0.75,1.25,Crop,Mung Beans,High,4,20.0,1.4011475839439325,1.2733860710541245,1.4708566382101855
B,0.75,1.25,Crop,Pumpkin,Low,5,25.0,0.6598593678086184,0.5832116015666349,0.7357234095582279
B,0.75,1.25,Crop,Pumpkin,Medium,11,55.00000000000001,0.9465267501945995,0.7973519760217382,1.094715073651098
B,0.75,1.25,Crop,Pumpkin,High,4,20.0,1.4382005037166128,1.285168079957214,1.6305522002747384
B,0.75,1.25,District,Hambantota,Low,24,40.0,0.6244530346166692,0.3307815848017666,0.7483787756011823
B,0.75,1.25,District,Hambantota,Medium,28,46.666666666666664,0.9648591958513285,0.7832070571697461,1.2418070576197784
B,0.75,1.25,District,Hambantota,High,8,13.333333333333334,1.4209865821564844,1.2527247699502189,1.6305522002747384
B,0.75,1.25,District,Matara,Low,15,25.0,0.6000896700678778,0.3433588441863617,0.7415806304323211
B,0.75,1.25,District,Matara,Medium,29,48.333333333333336,0.9563657017804393,0.7523757735829514,1.1833092660057398
B,0.75,1.25,District,Matara,High,16,26.666666666666668,1.4845483837451394,1.2576418957974995,2.012323943661972
B,0.75,1.25,Year,2021,Low,11,45.83333333333333,0.6005997870390977,0.3682052136562245,0.7357234095582279
B,0.75,1.25,Year,2021,Medium,9,37.5,0.9843554433910877,0.8763533527478626,1.1828779599271404
B,0.75,1.25,Year,2021,High,4,16.666666666666664,1.4521850081093048,1.4007443750084358,1.5124174221408755
B,0.75,1.25,Year,2022,Low,9,37.5,0.6350747500419139,0.5265136557343364,0.7268526976007794
B,0.75,1.25,Year,2022,Medium,8,33.33333333333333,0.9027155387741299,0.7530016126986427,1.053606237816764
B,0.75,1.25,Year,2022,High,7,29.166666666666668,1.4842576153306943,1.2576418957974995,2.012323943661972
B,0.75,1.25,Year,2023,Low,8,33.33333333333333,0.5809829255439503,0.3307815848017666,0.7483787756011823
B,0.75,1.25,Year,2023,Medium,10,41.66666666666667,0.8901884461163438,0.7523757735829514,1.1646472795497185
B,0.75,1.25,Year,2023,High,6,25.0,1.5850725588872239,1.2527247699502189,1.8161854768153984
B,0.75,1.25,Year,2024,Low,9,37.5,0.6432430401825333,0.3433588441863617,0.7415806304323211
B,0.75,1.25,Year,2024,Medium,15,62.5,0.948716254077945,0.7832070571697461,1.1446449496133115
B,0.75,1.25,Year,2024,High,0,0.0,,,
B,0.75,1.25,Year,2025,Low,2,8.333333333333332,0.6144483540082634,0.501089308691075,0.7278073993254517
B,0.75,1.25,Year,2025,Medium,15,62.5,1.0358074174949663,0.8628144716686224,1.2418070576197784
B,0.75,1.25,Year,2025,High,7,29.166666666666668,1.3445268720140977,1.2733860710541245,1.4116008855211706
B,0.75,1.25,Season,Maha,Low,16,26.666666666666668,0.6241277563573353,0.3307815848017666,0.7415806304323211
B,0.75,1.25,Season,Maha,Medium,31,51.66666666666667,0.9530546901238643,0.7832037529114588,1.2418070576197784
B,0.75,1.25,Season,Maha,High,13,21.666666666666668,1.4373223911233781,1.2576418957974995,1.759132130951861
B,0.75,1.25,Season,Yala,Low,23,38.333333333333336,0.6087901643522116,0.3433588441863617,0.7483787756011823
B,0.75,1.25,Season,Yala,Medium,26,43.333333333333336,0.969460286216544,0.7523757735829514,1.2333815251161218
B,0.75,1.25,Season,Yala,High,11,18.333333333333332,1.4941341556881993,1.2527247699502189,2.012323943661972
C,0.7,1.3,Overall,All,Low,27,22.5,0.5637587202505003,0.3307815848017666,0.6908626069199826
C,0.7,1.3,Overall,All,Medium,76,63.33333333333333,0.9531225366117527,0.7064592365240744,1.29507476711881
C,0.7,1.3,Overall,All,High,17,14.166666666666666,1.5412205461885626,1.368472203745584,2.012323943661972
C,0.7,1.3,Crop,Bandakka,Low,3,15.0,0.5138101147929802,0.3433588441863617,0.6908626069199826
C,0.7,1.3,Crop,Bandakka,Medium,12,60.0,0.9821157982061944,0.7064592365240744,1.2576418957974995
C,0.7,1.3,Crop,Bandakka,High,5,25.0,1.4628657636889622,1.368472203745584,1.5809841371209414
C,0.7,1.3,Crop,Brinjal,Low,4,20.0,0.5738760394859264,0.5293933920073846,0.6876644429732988
C,0.7,1.3,Crop,Brinjal,Medium,15,75.0,0.92886507559499,0.7523757735829514,1.2787211876546425
C,0.7,1.3,Crop,Brinjal,High,1,5.0,1.759132130951861,1.759132130951861,1.759132130951861
C,0.7,1.3,Crop,Chillies,Low,8,40.0,0.5401684130134682,0.3682052136562245,0.6802188552188553
C,0.7,1.3,Crop,Chillies,Medium,12,60.0,0.96371454759205,0.723437229061904,1.2772007404360344
C,0.7,1.3,Crop,Chillies,High,0,0.0,,,
C,0.7,1.3,Crop,Corn,Low,3,15.0,0.5057588236904457,0.3307815848017666,0.6390578359098582
C,0.7,1.3,Crop,Corn,Medium,11,55.00000000000001,0.8856835641267814,0.7234081151357561,1.1034695638436205
C,0.7,1.3,Crop,Corn,High,6,30.0,1.6039208172161432,1.3743684566904526,2.012323943661972
C,0.7,1.3,Crop,Mung Beans,Low,6,30.0,0.6183601898503945,0.501089308691075,0.6900130781119962
C,0.7,1.3,Crop,Mung Beans,Medium,11,55.00000000000001,0.996025944135866,0.7377660400807831,1.2733860710541245
C,0.7,1.3,Crop,Mung Beans,High,3,15.0,1.4437347549072017,1.4164800716524857,1.4708566382101855
C,0.7,1.3,Crop,Pumpkin,Low,3,15.0,0.6119220100531374,0.5832116015666349,0.6573976082602103
C,0.7,1.3,Crop,Pumpkin,Medium,15,75.0,0.9637045272066865,0.7278073993254517,1.29507476711881
C,0.7,1.3,Crop,Pumpkin,High,2,10.0,1.5862795838952133,1.5420069675156884,1.6305522002747384
C,0.7,1.3,District,Hambantota,Low,15,25.0,0.5613901700581098,0.3307815848017666,0.6900130781119962
C,0.7,1.3,District,Hambantota,Medium,39,65.0,0.9259488019013299,0.7064592365240744,1.2772007404360344
C,0.7,1.3,District,Hambantota,High,6,10.0,1.4729945244776037,1.368472203745584,1.6305522002747384
C,0.7,1.3,District,Matara,Low,12,20.0,0.5667194079909885,0.3433588441863617,0.6908626069199826
C,0.7,1.3,District,Matara,Medium,37,61.66666666666667,0.9817651218470631,0.7234081151357561,1.29507476711881
C,0.7,1.3,District,Matara,High,11,18.333333333333332,1.5784347398490857,1.4007443750084358,2.012323943661972
C,0.7,1.3,Year,2021,Low,8,33.33333333333333,0.5517857293548858,0.3682052136562245,0.6900130781119962
C,0.7,1.3,Year,2021,Medium,12,50.0,0.9209592344258981,0.723437229061904,1.1828779599271404
C,0.7,1.3,Year,2021,High,4,16.666666666666664,1.4521850081093048,1.4007443750084358,1.5124174221408755
C,0.7,1.3,Year,2022,Low,6,25.0,0.5931577680676968,0.5265136557343364,0.6688155922038981
C,0.7,1.3,Year,2022,Medium,14,58.333333333333336,0.9422867340037329,0.7064592365240744,1.2787211876546425
C,0.7,1.3,Year,2022,High,4,16.666666666666664,1.6440598708566712,1.4164800716524857,2.012323943661972
C,0.7,1.3,Year,2023,Low,7,29.166666666666668,0.5570692326786314,0.3307815848017666,0.6908626069199826
C,0.7,1.3,Year,2023,Medium,12,50.0,0.9085823338929032,0.7483787756011823,1.2527247699502189
C,0.7,1.3,Year,2023,High,5,20.833333333333336,1.6515421166746251,1.4708566382101855,1.8161854768153984
C,0.7,1.3,Year,2024,Low,5,20.833333333333336,0.5695358132153494,0.3433588441863617,0.6876644429732988
C,0.7,1.3,Year,2024,Medium,19,79.16666666666666,0.9038027424597489,0.7234081151357561,1.1446449496133115
C,0.7,1.3,Year,2024,High,0,0.0,,,
C,0.7,1.3,Year,2025,Low,1,4.166666666666666,0.501089308691075,0.501089308691075,0.501089308691075
C,0.7,1.3,Year,2025,Medium,19,79.16666666666666,1.0588709252568471,0.7278073993254517,1.29507476711881
C,0.7,1.3,Year,2025,High,4,16.666666666666664,1.3895147964921337,1.368472203745584,1.4116008855211706
C,0.7,1.3,Season,Maha,Low,12,20.0,0.5892299447313474,0.3307815848017666,0.6900130781119962
C,0.7,1.3,Season,Maha,Medium,40,66.66666666666666,0.9710501205210524,0.7234142078461909,1.29507476711881
C,0.7,1.3,Season,Maha,High,8,13.333333333333334,1.5378958028178507,1.4007443750084358,1.759132130951861
C,0.7,1.3,Season,Yala,Low,15,25.0,0.5433817406658227,0.3433588441863617,0.6908626069199826
C,0.7,1.3,Season,Yala,Medium,36,60.0,0.9332029989347528,0.7064592365240744,1.285168079957214
C,0.7,1.3,Season,Yala,High,9,15.0,1.5441758736291953,1.368472203745584,2.012323943661972
