District,Year,Season,Crop,Farmer_Record_Count,Total_Land_Acres,Average_Land_Acres,Total_Expected_Production_kg,Average_Expected_Yield_kg_per_Acre,Prior_History_Count,Has_Historical_Baseline,Historical_Mean_Land_Acres,Land_Concentration_Ratio,Land_Deviation_Percent,Historical_Mean_Production_kg,Production_Concentration_Ratio,Production_Deviation_Percent,Historical_Baseline_Status,Risk_Score
Hambantota,2021,Maha,Bandakka,10,35.0,3.5,175275.0,5165.0,1,True,38.5,0.9090909090909092,-9.090909090909092,189025.0,0.9272582991667768,-7.274170083322312,Available,0.918174604128843
Hambantota,2021,Maha,Brinjal,10,36.5,3.65,210800.0,5720.0,1,True,42.5,0.8588235294117647,-14.117647058823527,235825.0,0.8938831760839606,-10.611682391603944,Available,0.8763533527478626
Hambantota,2021,Maha,Chillies,10,31.5,3.15,36900.0,1220.0,1,True,36.5,0.863013698630137,-13.6986301369863,63200.0,0.5838607594936709,-41.61392405063291,Available,0.723437229061904
Hambantota,2021,Maha,Corn,10,36.0,3.6,33250.0,935.0,1,True,36.0,1.0,0.0,35175.0,0.945273631840796,-5.472636815920398,Available,0.972636815920398
Hambantota,2021,Maha,Mung Beans,10,23.0,2.3,10875.0,465.0,1,True,32.5,0.7076923076923077,-29.230769230769237,16175.0,0.6723338485316847,-32.766615146831526,Available,0.6900130781119962
Hambantota,2021,Maha,Pumpkin,10,18.5,1.85,140725.0,7120.0,1,True,33.5,0.5522388059701493,-44.776119402985074,229125.0,0.6141843971631206,-38.58156028368794,Available,0.5832116015666349
Hambantota,2021,Yala,Bandakka,10,34.5,3.45,163075.0,4620.0,1,True,28.0,1.2321428571428572,23.214285714285715,97575.0,1.671278503715091,67.12785037150908,Available,1.451710680428974
Hambantota,2021,Yala,Brinjal,10,32.5,3.25,177375.0,5550.0,1,True,55.5,0.5855855855855856,-41.44144144144144,348125.0,0.5095152603231597,-49.04847396768402,Available,0.5475504229543726
Hambantota,2021,Yala,Chillies,10,26.5,2.65,35600.0,1350.0,1,True,42.0,0.6309523809523809,-36.90476190476191,337575.0,0.1054580463600681,-89.45419536399318,Available,0.3682052136562245
Hambantota,2021,Yala,Corn,10,25.5,2.55,17300.0,680.0,1,True,30.5,0.8360655737704918,-16.39344262295082,27450.0,0.6302367941712204,-36.97632058287796,Available,0.7331511839708561
Hambantota,2021,Yala,Mung Beans,10,30.0,3.0,10575.0,350.0,1,True,42.5,0.7058823529411765,-29.411764705882355,20475.0,0.5164835164835165,-48.35164835164835,Available,0.6111829347123465
Hambantota,2021,Yala,Pumpkin,10,30.5,3.05,212600.0,6785.0,1,True,32.5,0.9384615384615383,-6.153846153846154,200200.0,1.0619380619380618,6.193806193806194,Available,1.0001998001998
Hambantota,2022,Maha,Bandakka,10,25.5,2.55,137150.0,5100.0,2,True,36.75,0.6938775510204082,-30.612244897959183,182150.0,0.7529508646719737,-24.704913532802635,Available,0.7234142078461909
Hambantota,2022,Maha,Brinjal,10,41.0,4.1,216350.0,5140.0,2,True,39.5,1.0379746835443038,3.79746835443038,223312.5,0.9688217184438846,-3.117828155611531,Available,1.0033982009940943
Hambantota,2022,Maha,Chillies,10,47.5,4.75,57925.0,1190.0,2,True,34.0,1.3970588235294117,39.70588235294117,50050.0,1.1573426573426573,15.734265734265737,Available,1.2772007404360344
Hambantota,2022,Maha,Corn,10,28.5,2.85,22650.0,790.0,2,True,36.0,0.7916666666666666,-20.833333333333336,34212.5,0.6620387285348922,-33.79612714651078,Available,0.7268526976007794
Hambantota,2022,Maha,Mung Beans,10,30.5,3.05,12450.0,400.0,2,True,27.75,1.0990990990990992,9.90990990990991,13525.0,0.9205175600739371,-7.948243992606285,Available,1.0098083295865181
Hambantota,2022,Maha,Pumpkin,10,25.5,2.55,38750.0,1600.0,2,True,26.0,0.9807692307692308,-1.9230769230769231,184925.0,0.2095444098959037,-79.04555901040963,Available,0.5951568203325672
Hambantota,2022,Yala,Bandakka,10,21.5,2.15,94475.0,4515.0,2,True,31.25,0.688,-31.2,130325.0,0.7249184730481488,-27.50815269518511,Available,0.7064592365240744
Hambantota,2022,Yala,Brinjal,10,22.5,2.25,144625.0,6000.0,2,True,44.0,0.5113636363636364,-48.86363636363637,262750.0,0.5504281636536632,-44.95718363463368,Available,0.5308959000086497
Hambantota,2022,Yala,Chillies,10,32.5,3.25,39450.0,1180.0,2,True,34.25,0.948905109489051,-5.109489051094891,186587.5,0.2114289542439874,-78.85710457560126,Available,0.5801670318665192
Hambantota,2022,Yala,Corn,10,27.5,2.75,19725.0,720.0,2,True,28.0,0.9821428571428572,-1.7857142857142856,22375.0,0.8815642458100559,-11.843575418994414,Available,0.9318535514764565
Hambantota,2022,Yala,Mung Beans,11,28.0,2.5454545454545454,8775.0,318.1818181818182,2,True,36.25,0.7724137931034483,-22.75862068965517,15525.0,0.5652173913043478,-43.47826086956522,Available,0.6688155922038981
Hambantota,2022,Yala,Pumpkin,10,48.5,4.85,318750.0,6820.0,2,True,31.5,1.5396825396825398,53.96825396825397,206400.0,1.5443313953488371,54.43313953488372,Available,1.5420069675156884
Hambantota,2023,Maha,Bandakka,10,28.0,2.8,124275.0,4610.0,3,True,33.0,0.8484848484848485,-15.151515151515152,167150.0,0.7434938677834281,-25.650613221657192,Available,0.7959893581341383
Hambantota,2023,Maha,Brinjal,10,36.5,3.65,186550.0,5100.0,3,True,40.0,0.9125,-8.75,220991.66666666663,0.8441494777329462,-15.58505222670538,Available,0.8783247388664731
Hambantota,2023,Maha,Chillies,10,28.5,2.85,27600.0,965.0,3,True,38.5,0.7402597402597403,-25.97402597402597,52675.0,0.5239677266255339,-47.60322733744661,Available,0.6321137334426371
Hambantota,2023,Maha,Corn,10,13.5,1.35,7850.0,600.0,3,True,33.5,0.4029850746268656,-59.70149253731343,30358.33333333333,0.2585780949766676,-74.14219050233324,Available,0.3307815848017666
Hambantota,2023,Maha,Mung Beans,10,46.5,4.65,17375.0,380.0,3,True,28.666666666666668,1.622093023255814,62.20930232558138,13166.666666666666,1.319620253164557,31.9620253164557,Available,1.4708566382101855
Hambantota,2023,Maha,Pumpkin,10,36.5,3.65,251725.0,6995.0,3,True,25.83333333333333,1.4129032258064518,41.29032258064517,136200.0,1.848201174743025,84.82011747430249,Available,1.6305522002747384
Hambantota,2023,Yala,Bandakka,10,35.5,3.55,146500.0,4210.0,3,True,28.0,1.2678571428571428,26.785714285714285,118375.0,1.2375923970432947,23.75923970432946,Available,1.2527247699502189
Hambantota,2023,Yala,Brinjal,10,34.5,3.45,203025.0,5895.0,3,True,36.833333333333336,0.9366515837104072,-6.334841628959283,223375.0,0.9088975937325126,-9.11024062674874,Available,0.9227745887214599
Hambantota,2023,Yala,Chillies,10,25.5,2.55,29375.0,1115.0,3,True,33.666666666666664,0.7574257425742574,-24.25742574257425,137541.66666666666,0.2135716449560739,-78.64283550439261,Available,0.48549869376516563
Hambantota,2023,Yala,Corn,10,24.5,2.45,13250.0,555.0,3,True,27.83333333333333,0.8802395209580839,-11.976047904191612,21491.666666666668,0.6165180302442806,-38.34819697557193,Available,0.7483787756011823
Hambantota,2023,Yala,Mung Beans,10,22.5,2.25,7275.0,320.0,3,True,33.5,0.6716417910447762,-32.83582089552239,13275.0,0.5480225988700564,-45.19774011299435,Available,0.6098321949574164
Hambantota,2023,Yala,Pumpkin,10,39.5,3.95,259700.0,6700.0,3,True,37.16666666666666,1.062780269058296,6.278026905829604,243850.0,1.0649989747795776,6.499897477957761,Available,1.0638896219189369
Hambantota,2024,Maha,Bandakka,10,35.0,3.5,152525.0,4350.0,4,True,31.75,1.1023622047244095,10.236220472440944,156431.25,0.9750289663989772,-2.4971033601022814,Available,1.0386955855616933
Hambantota,2024,Maha,Brinjal,10,39.5,3.95,208250.0,5140.0,4,True,39.125,1.0095846645367412,0.9584664536741214,212381.25,0.9805479532680028,-1.9452046731997288,Available,0.995066308902372
Hambantota,2024,Maha,Chillies,10,29.0,2.9,25750.0,920.0,4,True,36.0,0.8055555555555556,-19.444444444444446,46406.25,0.5548821548821549,-44.51178451178451,Available,0.6802188552188553
Hambantota,2024,Maha,Corn,10,36.5,3.65,22825.0,620.0,4,True,28.5,1.280701754385965,28.07017543859649,24731.25,0.9229214051048774,-7.707859489512257,Available,1.101811579745421
Hambantota,2024,Maha,Mung Beans,10,33.5,3.35,13025.0,380.0,4,True,33.125,1.0113207547169811,1.1320754716981132,14218.75,0.916043956043956,-8.395604395604396,Available,0.9636823553804685
Hambantota,2024,Maha,Pumpkin,10,20.5,2.05,147825.0,7000.0,4,True,28.5,0.7192982456140351,-28.07017543859649,165081.25,0.8954681406882974,-10.453185931170257,Available,0.8073831931511662
Hambantota,2024,Yala,Bandakka,10,15.5,1.55,62150.0,4095.0,4,True,29.875,0.5188284518828452,-48.11715481171548,125406.25,0.4955893346623474,-50.44106653376527,Available,0.5072088932725963
Hambantota,2024,Yala,Brinjal,10,34.5,3.45,154475.0,4535.0,4,True,36.25,0.9517241379310344,-4.827586206896552,218287.5,0.7076676401534673,-29.233235984653263,Available,0.8296958890422508
Hambantota,2024,Yala,Chillies,10,35.5,3.55,39225.0,1080.0,4,True,31.625,1.1225296442687749,12.25296442687747,110500.0,0.3549773755656109,-64.50226244343892,Available,0.7387535099171929
Hambantota,2024,Yala,Corn,10,23.5,2.35,13525.0,600.0,4,True,27.0,0.8703703703703703,-12.962962962962962,19431.25,0.6960437439691219,-30.39562560308781,Available,0.7832070571697461
Hambantota,2024,Yala,Mung Beans,10,22.0,2.2,8950.0,420.0,4,True,30.75,0.7154471544715447,-28.455284552845526,11775.0,0.7600849256900213,-23.99150743099788,Available,0.7377660400807831
Hambantota,2024,Yala,Pumpkin,10,35.0,3.5,223900.0,6560.0,4,True,37.75,0.9271523178807948,-7.28476821192053,247812.5,0.9035056746532156,-9.649432534678436,Available,0.9153289962670053
Hambantota,2025,Maha,Bandakka,10,43.5,4.35,177600.0,4105.0,5,True,32.4,1.3425925925925926,34.25925925925927,155650.0,1.1410215226469644,14.102152264696436,Available,1.2418070576197784
Hambantota,2025,Maha,Brinjal,10,39.0,3.9,195900.0,5050.0,5,True,39.2,0.9948979591836734,-0.5102040816326603,211555.0,0.926000330883222,-7.399966911677815,Available,0.9604491450334477
Hambantota,2025,Maha,Chillies,10,34.0,3.4,31550.0,965.0,5,True,34.6,0.9826589595375722,-1.7341040462427786,42275.0,0.7463039621525724,-25.36960378474276,Available,0.8644814608450724
Hambantota,2025,Maha,Corn,11,31.5,2.863636363636364,20825.0,681.8181818181819,5,True,30.1,1.0465116279069766,4.651162790697669,24350.0,0.8552361396303901,-14.476386036960989,Available,0.9508738837686834
Hambantota,2025,Maha,Mung Beans,10,31.0,3.1,13500.0,440.0,5,True,33.2,0.933734939759036,-6.626506024096393,13980.0,0.965665236051502,-3.433476394849785,Available,0.949700087905269
Hambantota,2025,Maha,Pumpkin,10,25.0,2.5,175825.0,6850.0,5,True,26.9,0.929368029739777,-7.0631970260223,161630.0,1.0878240425663552,8.782404256635527,Available,1.0085960361530661
Hambantota,2025,Yala,Bandakka,10,37.5,3.75,152000.0,4000.0,5,True,27.0,1.3888888888888888,38.88888888888889,112755.0,1.3480555186022791,34.80555186022793,Available,1.368472203745584
Hambantota,2025,Yala,Brinjal,11,37.5,3.409090909090909,139975.0,3818.181818181818,5,True,35.9,1.0445682451253482,4.456824512534823,205525.0,0.6810606982118964,-31.893930178810365,Available,0.8628144716686224
Hambantota,2025,Yala,Chillies,10,51.5,5.15,65625.0,1310.0,5,True,32.4,1.5895061728395063,58.95061728395062,96245.0,0.6818536027845602,-31.814639721543976,Available,1.1356798878120333
Hambantota,2025,Yala,Corn,11,30.5,2.772727272727273,29000.0,963.6363636363636,5,True,26.3,1.1596958174904943,15.969581749049429,18250.0,1.5890410958904109,58.9041095890411,Available,1.3743684566904526
Hambantota,2025,Yala,Mung Beans,10,37.0,3.7,13350.0,350.0,5,True,29.0,1.2758620689655171,27.58620689655172,11210.0,1.1909009812667262,19.09009812667261,Available,1.2333815251161218
Hambantota,2025,Yala,Pumpkin,10,32.0,3.2,144700.0,4515.0,5,True,37.2,0.8602150537634408,-13.97849462365592,243030.0,0.5953997448874625,-40.46002551125376,Available,0.7278073993254517
Matara,2021,Maha,Bandakka,10,32.0,3.2,113125.0,3355.0,1,True,21.5,1.4883720930232558,48.837209302325576,86150.0,1.3131166569936157,31.31166569936158,Available,1.4007443750084358
Matara,2021,Maha,Brinjal,10,27.0,2.7,83000.0,3120.0,1,True,23.0,1.173913043478261,17.391304347826086,108975.0,0.7616425785730672,-23.83574214269328,Available,0.9677778110256641
Matara,2021,Maha,Chillies,10,31.5,3.15,54050.0,1650.0,1,True,55.0,0.5727272727272728,-42.72727272727273,107700.0,0.5018570102135562,-49.81429897864438,Available,0.5372921414704145
Matara,2021,Maha,Corn,10,26.0,2.6,29775.0,1150.0,1,True,24.5,1.0612244897959184,6.122448979591836,34125.0,0.8725274725274725,-12.747252747252746,Available,0.9668759811616955
Matara,2021,Maha,Mung Beans,10,40.0,4.0,16625.0,410.0,1,True,27.5,1.4545454545454546,45.45454545454545,11600.0,1.4331896551724137,43.31896551724138,Available,1.4438675548589341
Matara,2021,Maha,Pumpkin,10,30.5,3.05,98800.0,3305.0,1,True,28.5,1.0701754385964912,7.017543859649122,136225.0,0.7252706918700679,-27.47293081299321,Available,0.8977230652332795
Matara,2021,Yala,Bandakka,10,53.5,5.35,186700.0,3440.0,1,True,36.5,1.4657534246575343,46.57534246575342,119750.0,1.559081419624217,55.90814196242171,Available,1.5124174221408757
Matara,2021,Yala,Brinjal,10,34.5,3.45,24950.0,720.0,1,True,38.0,0.9078947368421052,-9.210526315789473,165350.0,0.150892047172664,-84.9107952827336,Available,0.5293933920073846
Matara,2021,Yala,Chillies,11,37.0,3.363636363636364,53650.0,1409.090909090909,1,True,35.0,1.0571428571428572,5.714285714285714,48950.0,1.0960163432073544,9.601634320735444,Available,1.0765796001751058
Matara,2021,Yala,Corn,10,13.5,1.35,14800.0,1115.0,1,True,24.0,0.5625,-43.75,27800.0,0.5323741007194245,-46.76258992805755,Available,0.5474370503597122
Matara,2021,Yala,Mung Beans,10,42.0,4.2,16000.0,380.0,1,True,35.0,1.2,20.0,13725.0,1.1657559198542806,16.57559198542805,Available,1.1828779599271404
Matara,2021,Yala,Pumpkin,10,24.0,2.4,108575.0,4350.0,1,True,33.0,0.7272727272727273,-27.27272727272727,145900.0,0.7441740918437286,-25.582590815627142,Available,0.7357234095582279
Matara,2022,Maha,Bandakka,10,36.0,3.6,116525.0,3300.0,2,True,26.75,1.3457943925233644,34.57943925233645,99637.5,1.1694893990716346,16.948939907163467,Available,1.2576418957974995
Matara,2022,Maha,Brinjal,10,35.0,3.5,111100.0,3120.0,2,True,25.0,1.4,40.0,95987.5,1.157442375309285,15.744237530928508,Available,1.2787211876546425
Matara,2022,Maha,Chillies,10,24.5,2.45,39350.0,1655.0,2,True,43.25,0.5664739884393064,-43.35260115606936,80875.0,0.4865533230293663,-51.34466769706337,Available,0.5265136557343364
Matara,2022,Maha,Corn,10,41.5,4.15,50075.0,1200.0,2,True,25.25,1.6435643564356437,64.35643564356435,31950.0,1.5672926447574336,56.72926447574335,Available,1.6054285005965387
Matara,2022,Maha,Mung Beans,11,26.5,2.409090909090909,11025.0,409.09090909090907,2,True,33.75,0.7851851851851852,-21.48148148148148,14112.5,0.7812223206377326,-21.87776793622675,Available,0.7832037529114588
Matara,2022,Maha,Pumpkin,10,34.5,3.45,17075.0,515.0,2,True,29.5,1.1694915254237288,16.94915254237288,117512.5,0.1453036910966918,-85.46963089033082,Available,0.6573976082602103
Matara,2022,Yala,Bandakka,10,39.5,3.95,141475.0,3440.0,2,True,45.0,0.8777777777777778,-12.22222222222222,153225.0,0.923315385870452,-7.668461412954805,Available,0.900546581824115
Matara,2022,Yala,Brinjal,10,22.0,2.2,85550.0,3940.0,2,True,36.25,0.6068965517241379,-39.310344827586206,95150.0,0.8991066736731477,-10.089332632685236,Available,0.7530016126986427
Matara,2022,Yala,Chillies,10,28.0,2.8,40775.0,1400.0,2,True,36.0,0.7777777777777778,-22.22222222222222,51300.0,0.7948343079922028,-20.516569200779728,Available,0.7863060428849903
Matara,2022,Yala,Corn,10,37.5,3.75,43125.0,1135.0,2,True,18.75,2.0,100.0,21300.0,2.0246478873239435,102.46478873239435,Available,2.012323943661972
Matara,2022,Yala,Mung Beans,10,48.0,4.8,23575.0,485.0,2,True,38.5,1.2467532467532467,24.675324675324678,14862.5,1.5862068965517242,58.620689655172406,Available,1.4164800716524855
Matara,2022,Yala,Pumpkin,10,30.5,3.05,131950.0,4380.0,2,True,28.5,1.0701754385964912,7.017543859649122,127237.5,1.037037037037037,3.7037037037037033,Available,1.053606237816764
Matara,2023,Maha,Bandakka,10,46.5,4.65,168775.0,3650.0,3,True,29.83333333333333,1.558659217877095,55.8659217877095,105266.66666666669,1.6033090563647878,60.33090563647878,Available,1.5809841371209414
Matara,2023,Maha,Brinjal,11,47.0,4.2727272727272725,187850.0,3918.181818181818,3,True,28.33333333333333,1.6588235294117648,65.88235294117648,101025.0,1.8594407324919573,85.94407324919574,Available,1.759132130951861
Matara,2023,Maha,Chillies,10,19.5,1.95,33225.0,1600.0,3,True,37.0,0.527027027027027,-47.2972972972973,67033.33333333333,0.4956489308801591,-50.435106911984086,Available,0.511337978953593
Matara,2023,Maha,Corn,10,19.5,1.95,24400.0,1200.0,3,True,30.666666666666668,0.6358695652173912,-36.41304347826087,37991.66666666666,0.6422461066023251,-35.775389339767486,Available,0.6390578359098582
Matara,2023,Maha,Mung Beans,10,25.5,2.55,10200.0,400.0,3,True,31.33333333333333,0.8138297872340425,-18.61702127659574,13083.333333333334,0.7796178343949044,-22.03821656050956,Available,0.7967238108144734
Matara,2023,Maha,Pumpkin,10,24.5,2.45,67950.0,2940.0,3,True,31.166666666666668,0.7860962566844919,-21.39037433155081,84033.33333333333,0.8086076953589846,-19.13923046410154,Available,0.7973519760217382
Matara,2023,Yala,Bandakka,10,28.5,2.85,107725.0,3950.0,3,True,43.16666666666666,0.6602316602316602,-33.97683397683397,149308.33333333334,0.7214935536083049,-27.85064463916951,Available,0.6908626069199826
Matara,2023,Yala,Brinjal,10,19.0,1.9,82900.0,4280.0,3,True,31.5,0.6031746031746031,-39.68253968253968,91950.0,0.9015769439912996,-9.842305600870038,Available,0.7523757735829514
Matara,2023,Yala,Chillies,10,27.5,2.75,44875.0,1600.0,3,True,33.333333333333336,0.825,-17.500000000000007,47791.66666666666,0.93897122929381,-6.102877070619002,Available,0.881985614646905
Matara,2023,Yala,Corn,10,40.0,4.0,58075.0,1420.0,3,True,25.0,1.6,60.0,28575.0,2.0323709536307963,103.23709536307962,Available,1.8161854768153982
Matara,2023,Yala,Mung Beans,10,42.0,4.2,23475.0,565.0,3,True,41.66666666666666,1.008,0.8000000000000057,17766.666666666668,1.3212945590994372,32.12945590994371,Available,1.1646472795497185
Matara,2023,Yala,Pumpkin,10,31.5,3.15,79300.0,2500.0,3,True,29.166666666666668,1.0799999999999998,7.9999999999999964,128808.33333333331,0.6156433978132885,-38.43566021867115,Available,0.8478216989066442
Matara,2024,Maha,Bandakka,10,28.0,2.8,106275.0,3635.0,4,True,34.0,0.8235294117647058,-17.647058823529413,121143.75,0.8772635814889336,-12.27364185110664,Available,0.8503964966268197
Matara,2024,Maha,Brinjal,10,22.0,2.2,86975.0,3980.0,4,True,33.0,0.6666666666666666,-33.33333333333333,122731.25,0.7086622192799308,-29.13377807200693,Available,0.6876644429732988
Matara,2024,Maha,Chillies,10,26.0,2.6,40200.0,1600.0,4,True,32.625,0.7969348659003831,-20.306513409961685,58581.25,0.6862263949642591,-31.3773605035741,Available,0.7415806304323211
Matara,2024,Maha,Corn,10,25.5,2.55,44700.0,1780.0,4,True,27.875,0.9147982062780268,-8.520179372197308,34593.75,1.292140921409214,29.21409214092141,Available,1.1034695638436205
Matara,2024,Maha,Mung Beans,10,26.5,2.65,10325.0,400.0,4,True,29.875,0.8870292887029289,-11.297071129707112,12362.5,0.8351870576339737,-16.48129423660263,Available,0.8611081731684513
Matara,2024,Maha,Pumpkin,10,27.0,2.7,101950.0,3765.0,4,True,29.5,0.9152542372881356,-8.47457627118644,80012.5,1.2741759100140604,27.417591001406027,Available,1.094715073651098
Matara,2024,Yala,Bandakka,10,19.0,1.9,28575.0,1480.0,4,True,39.5,0.4810126582278481,-51.89873417721519,138912.5,0.2057050301448753,-79.42949698551246,Available,0.3433588441863617
Matara,2024,Yala,Brinjal,10,31.0,3.1,48450.0,1610.0,4,True,28.375,1.092511013215859,9.251101321585905,89687.5,0.5402090592334495,-45.97909407665505,Available,0.8163600362246544
Matara,2024,Yala,Chillies,10,35.5,3.55,55325.0,1600.0,4,True,31.875,1.1137254901960785,11.372549019607844,47062.5,1.1755644090305446,17.556440903054447,Available,1.1446449496133115
Matara,2024,Yala,Corn,10,30.0,3.0,14500.0,485.0,4,True,28.75,1.0434782608695652,4.3478260869565215,35950.0,0.4033379694019471,-59.66620305980529,Available,0.7234081151357561
Matara,2024,Yala,Mung Beans,10,39.0,3.9,6225.0,160.0,4,True,41.75,0.934131736526946,-6.58682634730539,19193.75,0.3243243243243243,-67.56756756756756,Available,0.6292280304256351
Matara,2024,Yala,Pumpkin,10,39.5,3.95,60850.0,1515.0,4,True,29.75,1.3277310924369747,32.77310924369748,116431.25,0.5226260132052176,-47.73739867947823,Available,0.9251785528210962
Matara,2025,Maha,Bandakka,10,33.5,3.35,95850.0,2850.0,5,True,32.8,1.0213414634146345,2.134146341463424,118170.0,0.8111195734958111,-18.88804265041889,Available,0.9162305184552229
Matara,2025,Maha,Brinjal,10,34.5,3.45,109550.0,3300.0,5,True,30.8,1.12012987012987,12.01298701298701,115580.0,0.947828344004153,-5.217165599584703,Available,1.0339791070670115
Matara,2025,Maha,Chillies,10,37.0,3.7,60050.0,1655.0,5,True,31.3,1.182108626198083,18.210862619808303,54905.0,1.093707312630908,9.370731263090796,Available,1.1379079694144956
Matara,2025,Maha,Corn,10,24.0,2.4,71300.0,3100.0,5,True,27.4,0.8759124087591241,-12.408759124087588,36615.0,1.9472893622832173,94.72893622832171,Available,1.4116008855211706
Matara,2025,Maha,Mung Beans,10,31.5,3.15,17550.0,550.0,5,True,29.2,1.0787671232876712,7.876712328767126,11955.0,1.468005018820577,46.80050188205772,Available,1.2733860710541243
Matara,2025,Maha,Pumpkin,10,39.5,3.95,103650.0,2680.0,5,True,29.0,1.362068965517241,36.206896551724135,84400.0,1.228080568720379,22.80805687203792,Available,1.29507476711881
Matara,2025,Yala,Bandakka,10,39.0,3.9,147800.0,3650.0,5,True,35.4,1.1016949152542372,10.169491525423734,116845.0,1.2649236167572424,26.49236167572425,Available,1.1833092660057398
Matara,2025,Yala,Brinjal,10,21.5,2.15,102600.0,5100.0,5,True,28.9,0.7439446366782008,-25.60553633217993,81440.0,1.2598231827111983,25.98231827111984,Available,1.0018839096946994
Matara,2025,Yala,Chillies,10,33.0,3.3,53575.0,1610.0,5,True,32.6,1.012269938650307,1.2269938650306704,48715.0,1.09976393308016,9.97639330801601,Available,1.0560169358652334
Matara,2025,Yala,Corn,10,36.0,3.6,49575.0,1380.0,5,True,29.0,1.2413793103448276,24.13793103448276,31660.0,1.565855969677827,56.58559696778269,Available,1.4036176400113272
Matara,2025,Yala,Mung Beans,10,21.0,2.1,8175.0,410.0,5,True,41.2,0.5097087378640777,-49.02912621359224,16600.0,0.4924698795180723,-50.75301204819277,Available,0.501089308691075
Matara,2025,Yala,Pumpkin,11,29.0,2.636363636363636,174350.0,5854.545454545455,5,True,31.7,0.9148264984227128,-8.517350157728705,105315.0,1.6555096614917153,65.55096614917153,Available,1.285168079957214
