Prior_History_Count,Historical_Mean_Land_Acres,Historical_Mean_Production_kg,Historical_Mean_Yield_kg_per_Acre,District,Crop,Season,Target_Year,Risk_Label
1,904.4056961801999,2405000.0,2659.2048349072,Hambantota,Bandakka,Maha,2002,Medium
2,854.9846198861999,2287500.0,2676.4856132369223,Hambantota,Bandakka,Maha,2003,Medium
3,788.2661668893,2105000.0,2670.0508081825046,Hambantota,Bandakka,Maha,2004,Medium
4,729.578638790175,2040000.0,2835.847268998748,Hambantota,Bandakka,Maha,2005,Low
5,673.1150591242799,1921800.0,2916.622009231079,Hambantota,Bandakka,Maha,2006,Low
6,637.5318841925999,1849666.6666666667,2970.4618188829313,Hambantota,Bandakka,Maha,2007,Medium
7,610.3502922309,1862428.5714285714,3165.435671350609,Hambantota,Bandakka,Maha,2008,Medium
8,626.4121420264499,1891125.0,3123.68696642692,Hambantota,Bandakka,Maha,2009,High
9,629.5695996785666,2037111.111111111,3320.4334810018418,Hambantota,Bandakka,Maha,2010,High
10,644.45083487376,2155100.0,3401.683374511545,Hambantota,Bandakka,Maha,2011,High
11,654.3799783837363,2246818.1818181816,3474.0863380902783,Hambantota,Bandakka,Maha,2012,High
12,675.215454866775,2354000.0,3510.115202907327,Hambantota,Bandakka,Maha,2013,High
13,696.2669325573922,2458307.6923076925,3540.864300418698,Hambantota,Bandakka,Maha,2014,Medium
14,701.7792833748,2480857.1428571427,3544.1293496039625,Hambantota,Bandakka,Maha,2015,Medium
15,705.23875871538,2507733.3333333335,3562.960812025288,Hambantota,Bandakka,Maha,2016,High
16,718.7677783508625,2597375.0,3607.5798500290325,Hambantota,Bandakka,Maha,2017,Medium
17,710.0645814593823,2590470.588235294,3650.938507372292,Hambantota,Bandakka,Maha,2018,Medium
18,713.5854293783666,2600666.6666666665,3647.3627563522987,Hambantota,Bandakka,Maha,2019,Medium
19,709.7126666746262,2628631.5789473685,3712.960902579873,Hambantota,Bandakka,Maha,2020,Medium
20,706.597838313465,2654350.0,3770.047012707698,Hambantota,Bandakka,Maha,2021,Medium
21,706.2154133183328,2699657.1428571427,3836.3166908588237,Hambantota,Bandakka,Maha,2022,Medium
22,705.7778977294963,2738013.6363636362,3893.1624288877647,Hambantota,Bandakka,Maha,2023,High
23,712.8775381164743,2793121.7391304346,3924.2837048929937,Hambantota,Bandakka,Maha,2024,Medium
24,716.5747180903162,2822070.8333333335,3942.068515014939,Hambantota,Bandakka,Maha,2025,Medium
1,252.0474890994,622000.0,2467.7889163763966,Hambantota,Bandakka,Yala,2002,High
2,345.947534058,910500.0,2596.866607177507,Hambantota,Bandakka,Yala,2003,Medium
3,352.5370108972,944666.6666666666,2654.5474579030615,Hambantota,Bandakka,Yala,2004,Medium
4,359.53833003885,999250.0,2754.9518303099603,Hambantota,Bandakka,Yala,2005,Medium
5,362.75069999795994,1024600.0,2803.535192086143,Hambantota,Bandakka,Yala,2006,High
6,377.2475490442,1078666.6666666667,2836.206919573157,Hambantota,Bandakka,Yala,2007,High
7,387.6024412200857,1126714.2857142857,2880.508744063515,Hambantota,Bandakka,Yala,2008,High
8,393.515319990975,1278875.0,3194.154771367848,Hambantota,Bandakka,Yala,2010,High
9,406.07651021569995,1470333.3333333333,3497.712803812365,Hambantota,Bandakka,Yala,2011,High
10,420.82046464341,1653000.0,3743.5882030962957,Hambantota,Bandakka,Yala,2012,Medium
11,430.4126462695636,1675000.0,3730.5685721857076,Hambantota,Bandakka,Yala,2013,High
12,455.49758650969994,1795666.6666666667,3775.496771322547,Hambantota,Bandakka,Yala,2014,Medium
13,454.10365871679227,1784615.3846153845,3775.617480774403,Hambantota,Bandakka,Yala,2015,Medium
14,455.73292496824286,1821142.857142857,3849.808472922042,Hambantota,Bandakka,Yala,2016,High
15,463.07548487478,1853466.6666666667,3864.8300015088216,Hambantota,Bandakka,Yala,2017,Medium
16,458.38048262685,1841000.0,3889.7391344787243,Hambantota,Bandakka,Yala,2018,Medium
17,460.77885838817645,1853411.7647058824,3902.7524229767596,Hambantota,Bandakka,Yala,2019,Medium
18,462.63618641883335,1871055.5555555555,3929.980768726095,Hambantota,Bandakka,Yala,2020,Medium
19,469.42219151464104,1886684.2105263157,3916.025062867859,Hambantota,Bandakka,Yala,2021,High
20,477.3952417309664,1937935.0,3951.7214884075097,Hambantota,Bandakka,Yala,2022,Medium
21,481.4554184869771,1966609.5238095238,3978.51844700626,Hambantota,Bandakka,Yala,2023,Medium
22,484.47256449752314,1982027.2727272727,3988.992595971897,Hambantota,Bandakka,Yala,2024,High
23,492.57771867985036,2015230.4347826086,3993.4979812035813,Hambantota,Bandakka,Yala,2025,High
1,1173.7505619825,4503000.0,3836.419888391191,Hambantota,Brinjal,Maha,2002,Medium
2,1220.7005844618,4705500.0,3854.074595356546,Hambantota,Brinjal,Maha,2003,Medium
3,1195.1663617099,4641000.0,3883.9558625385857,Hambantota,Brinjal,Maha,2004,Medium
4,1131.124883678925,4537000.0,4037.8332379857725,Hambantota,Brinjal,Maha,2005,Low
5,1049.2094497216199,4258000.0,4101.172267034846,Hambantota,Brinjal,Maha,2006,Low
6,985.9504720652999,4034166.6666666665,4143.140878811983,Hambantota,Brinjal,Maha,2007,Medium
7,969.0061030502142,4095000.0,4285.857816502944,Hambantota,Brinjal,Maha,2008,High
8,1006.3366660365749,4299375.0,4315.147209812541,Hambantota,Brinjal,Maha,2009,High
9,1022.1925946809,4516777.777777778,4440.635841894158,Hambantota,Brinjal,Maha,2010,High
10,1046.98550128839,4723400.0,4514.86906370384,Hambantota,Brinjal,Maha,2011,High
11,1065.0241941356999,4915909.090909091,4603.786897474645,Hambantota,Brinjal,Maha,2012,High
12,1097.9715783317,5150833.333333333,4661.514673318268,Hambantota,Brinjal,Maha,2013,High
13,1142.9574298300845,5429076.923076923,4703.736769623461,Hambantota,Brinjal,Maha,2014,High
14,1187.34135796335,5722857.142857143,4754.061133839011,Hambantota,Brinjal,Maha,2015,High
15,1205.7095246526198,5883733.333333333,4807.9032728023185,Hambantota,Brinjal,Maha,2016,High
16,1236.4535525305125,6128812.5,4868.39391815371,Hambantota,Brinjal,Maha,2017,Medium
17,1228.1137459059,6135941.176470588,4917.86766111333,Hambantota,Brinjal,Maha,2018,High
18,1257.9036724497832,6325166.666666667,4945.112672642653,Hambantota,Brinjal,Maha,2019,High
19,1273.1129364262263,6497315.7894736845,5011.34126603564,Hambantota,Brinjal,Maha,2020,High
20,1285.68929978841,6609400.0,5047.3664091759,Hambantota,Brinjal,Maha,2021,Medium
21,1289.4664820480227,6666990.476190476,5079.778299721143,Hambantota,Brinjal,Maha,2022,Medium
22,1297.0449152732358,6703936.363636363,5082.3587352738305,Hambantota,Brinjal,Maha,2023,Medium
23,1309.9163708847077,6765034.782608695,5082.701337049103,Hambantota,Brinjal,Maha,2024,Medium
24,1320.0987241581074,6815841.666666667,5084.963717869195,Hambantota,Brinjal,Maha,2025,Medium
1,247.10538147,903000.0,3654.3113493852798,Hambantota,Brinjal,Yala,2002,High
2,312.58830755955,1191000.0,3783.136278830202,Hambantota,Brinjal,Yala,2003,High
3,409.37124863529993,1597000.0,3853.904666959174,Hambantota,Brinjal,Yala,2004,High
4,465.17588061727497,1837750.0,3902.142605807775,Hambantota,Brinjal,Yala,2005,Medium
5,470.98285708181993,1871000.0,3932.704111685877,Hambantota,Brinjal,Yala,2006,High
6,494.21076294,1971833.3333333333,3953.36790020702,Hambantota,Brinjal,Yala,2007,High
7,510.8021242672714,2156428.5714285714,4152.565161574905,Hambantota,Brinjal,Yala,2008,High
8,543.014075780325,2433750.0,4345.110145308786,Hambantota,Brinjal,Yala,2010,High
9,569.9897465908,2691555.5555555555,4534.5338060281065,Hambantota,Brinjal,Yala,2011,High
10,606.64371150885,2988600.0,4685.6530128491995,Hambantota,Brinjal,Yala,2012,High
11,627.1983864220364,3163818.1818181816,4796.354267745029,Hambantota,Brinjal,Yala,2013,High
12,657.3003147101999,3280000.0,4780.940819872268,Hambantota,Brinjal,Yala,2014,High
13,679.3497179798306,3347846.153846154,4752.342803318171,Hambantota,Brinjal,Yala,2015,High
14,695.4251449941428,3508214.285714286,4854.616287121431,Hambantota,Brinjal,Yala,2016,High
15,710.3456032657599,3590466.6666666665,4874.885472904745,Hambantota,Brinjal,Yala,2017,Medium
16,707.6480361847125,3585312.5,4898.824860700429,Hambantota,Brinjal,Yala,2018,High
17,718.2045234372175,3706647.0588235296,4985.173604327145,Hambantota,Brinjal,Yala,2019,High
18,742.8262328523166,3893944.4444444445,5046.796935498315,Hambantota,Brinjal,Yala,2020,High
19,771.6710896916305,4112994.736842105,5109.630451475132,Hambantota,Brinjal,Yala,2021,High
20,803.0307134321324,4296065.0,5132.03164017099,Hambantota,Brinjal,Yala,2022,High
21,825.5555456454157,4456219.047619048,5173.474928927304,Hambantota,Brinjal,Yala,2023,High
22,842.1688362381421,4572477.2727272725,5205.991876336924,Hambantota,Brinjal,Yala,2024,High
23,861.0118424516203,4625086.956521739,5176.744847014015,Hambantota,Brinjal,Yala,2025,High
1,2060.8588814597997,1979000.0,960.2792397886966,Hambantota,Chillies,Maha,2002,Low
2,1705.0271321429998,1626000.0,951.902277921464,Hambantota,Chillies,Maha,2003,Medium
3,1622.6586716529998,1501333.3333333333,920.853735607907,Hambantota,Chillies,Maha,2004,Medium
4,1553.0573225389498,1580500.0,1028.7462289044047,Hambantota,Chillies,Maha,2005,Low
5,1447.0491138883199,1506200.0,1059.3568582262037,Hambantota,Chillies,Maha,2006,Medium
6,1417.97304733535,1589500.0,1145.5156337400006,Hambantota,Chillies,Maha,2007,Medium
7,1454.7446814826712,1639714.2857142857,1147.3772502387594,Hambantota,Chillies,Maha,2008,High
8,1492.5165040788,1707875.0,1159.4118675672576,Hambantota,Chillies,Maha,2009,Medium
9,1494.9875578934998,1751222.2222222222,1184.4818335978996,Hambantota,Chillies,Maha,2010,Medium
10,1514.2617776481598,1804200.0,1201.1856194824509,Hambantota,Chillies,Maha,2011,Medium
11,1514.7559884111,1842000.0,1224.7884235889974,Hambantota,Chillies,Maha,2012,Medium
12,1502.606640488825,1854583.3333333333,1244.0431916856826,Hambantota,Chillies,Maha,2013,Medium
13,1497.6486927708693,1872846.1538461538,1260.2431951214876,Hambantota,Chillies,Maha,2014,Medium
14,1521.6396383234785,1906428.5714285714,1261.5021486233454,Hambantota,Chillies,Maha,2015,Medium
15,1519.6980960405,1923066.6666666667,1273.7046813927639,Hambantota,Chillies,Maha,2016,Medium
16,1516.1459561818688,1929812.5,1280.8714221017476,Hambantota,Chillies,Maha,2017,Low
17,1468.5327464655352,1899705.8823529412,1323.5524204498838,Hambantota,Chillies,Maha,2018,Medium
18,1488.80992335675,1924333.3333333333,1321.0144273219732,Hambantota,Chillies,Maha,2019,Low
19,1458.9621943844525,1907421.0526315789,1343.0227105323843,Hambantota,Chillies,Maha,2020,Medium
20,1433.581870598205,1893750.0,1361.7490216827227,Hambantota,Chillies,Maha,2021,Low
21,1413.207443549857,1861771.4285714286,1354.7728827000606,Hambantota,Chillies,Maha,2022,Low
22,1391.079744985365,1827377.2727272727,1347.4150114507627,Hambantota,Chillies,Maha,2023,Low
23,1373.3150168001196,1788817.391304348,1330.4517796654345,Hambantota,Chillies,Maha,2024,Low
24,1353.9109771892524,1749420.8333333333,1313.7302604061963,Hambantota,Chillies,Maha,2025,Low
1,294.0554039493,199000.0,676.7432168473629,Hambantota,Chillies,Yala,2002,High
2,427.49230994309994,346000.0,777.8209952563495,Hambantota,Chillies,Yala,2003,High
3,499.15287056939997,413666.6666666667,803.3837629750169,Hambantota,Chillies,Yala,2004,High
4,549.80947377075,458750.0,814.1428147381309,Hambantota,Chillies,Yala,2005,Medium
5,553.5160544928,461800.0,818.1151165031653,Hambantota,Chillies,Yala,2006,High
6,602.9371307867999,503000.0,820.7752522918182,Hambantota,Chillies,Yala,2007,High
7,638.2378995682285,538714.2857142857,830.0699374308709,Hambantota,Chillies,Yala,2008,High
8,643.4006370025124,578500.0,883.9546477046038,Hambantota,Chillies,Yala,2010,High
9,658.1239993150999,707333.3333333334,1034.6205666097014,Hambantota,Chillies,Yala,2011,High
10,673.1150591242799,766900.0,1092.4139814571934,Hambantota,Chillies,Yala,2012,Medium
11,679.9890815542635,789181.8181818182,1115.9784679740408,Hambantota,Chillies,Yala,2013,High
12,702.397046828475,837916.6666666666,1143.6482467781532,Hambantota,Chillies,Yala,2014,Medium
13,705.3908235655152,861153.8461538461,1173.968030910169,Hambantota,Chillies,Yala,2015,Medium
14,699.1317257161928,894500.0,1243.6624666704581,Hambantota,Chillies,Yala,2016,Medium
15,693.37770040482,901266.6666666666,1269.1029526737225,Hambantota,Chillies,Yala,2017,Medium
16,679.5397990424999,895875.0,1297.7090176151935,Hambantota,Chillies,Yala,2018,High
17,677.5048135480412,1260176.4705882352,1867.9399088049354,Hambantota,Chillies,Yala,2019,High
18,678.0297106001833,1504888.888888889,2222.3077882245057,Hambantota,Chillies,Yala,2020,High
19,689.098875641471,1795773.6842105263,2521.9503298597674,Hambantota,Chillies,Yala,2021,Medium
20,694.885043231787,1760490.0,2463.5758435480448,Hambantota,Chillies,Yala,2022,Medium
21,697.4255218917572,1718761.9047619049,2402.534810560398,Hambantota,Chillies,Yala,2023,Low
22,698.2299515318672,1676922.7272727273,2344.0701146409892,Hambantota,Chillies,Yala,2024,Medium
23,707.0007275223835,1645847.8260869565,2288.6392941656904,Hambantota,Chillies,Yala,2025,Medium
1,1475.2191273759,475000.0,321.98606375510036,Hambantota,Corn,Maha,2002,Medium
2,1569.1191723345,512500.0,326.3549213496503,Hambantota,Corn,Maha,2003,High
3,1821.9903460387998,586333.3333333334,322.6793818908329,Hambantota,Corn,Maha,2004,Medium
4,1742.710702817175,570500.0,328.89401543663536,Hambantota,Corn,Maha,2005,Medium
5,1665.4902711078,549000.0,331.37366493764,Hambantota,Corn,Maha,2006,Low
6,1576.9441760810498,521833.3333333333,332.86536635248075,Hambantota,Corn,Maha,2007,Medium
7,1530.6413343627428,535571.4285714285,355.78252221631374,Hambantota,Corn,Maha,2008,High
8,1582.4010865885125,608875.0,383.4280821915095,Hambantota,Corn,Maha,2009,High
9,1596.5753258311665,659555.5555555555,410.02698651137644,Hambantota,Corn,Maha,2010,Medium
10,1573.5670692009598,684800.0,435.76448780936107,Hambantota,Corn,Maha,2011,Medium
11,1564.8509884727455,717636.3636363636,460.5005805530805,Hambantota,Corn,Maha,2012,Medium
12,1541.9375803727999,730083.3333333334,478.13805641025596,Hambantota,Corn,Maha,2013,Medium
13,1527.4914196099382,744000.0,493.1084333282221,Hambantota,Corn,Maha,2014,Medium
14,1530.6413343627428,764071.4285714285,504.47251909804373,Hambantota,Corn,Maha,2015,Medium
15,1525.4638882748,758066.6666666666,501.7659750659555,Hambantota,Corn,Maha,2016,High
16,1519.8525369039187,806687.5,537.2727645410189,Hambantota,Corn,Maha,2017,Medium
17,1499.7843094161528,809588.2352941176,548.3877973523889,Hambantota,Corn,Maha,2018,Medium
18,1503.773527012433,821555.5555555555,554.1554549497965,Hambantota,Corn,Maha,2019,High
19,1491.9962822230736,852578.947368421,583.0072041400115,Hambantota,Corn,Maha,2020,Medium
20,1471.8832047260548,863600.0,603.0890087990584,Hambantota,Corn,Maha,2021,Medium
21,1454.54464379291,872290.4761904762,619.3384216813533,Hambantota,Corn,Maha,2022,Medium
22,1434.2782584914387,868636.3636363636,626.8722304600104,Hambantota,Corn,Maha,2023,Medium
23,1431.2666006109534,866173.9130434783,625.4807152842557,Hambantota,Corn,Maha,2024,Medium
24,1423.1416682310974,862304.1666666666,625.4819982881107,Hambantota,Corn,Maha,2025,Medium
1,42.0079148499,13000.0,309.4654911211559,Hambantota,Corn,Yala,2002,High
2,105.01978712475,35000.0,324.3436397327499,Hambantota,Corn,Yala,2003,High
3,130.96585217909998,43666.666666666664,327.4264993549721,Hambantota,Corn,Yala,2004,High
4,177.298111204725,65750.0,349.90289165503225,Hambantota,Corn,Yala,2005,Low
5,163.0895517702,59600.0,345.80137136233986,Hambantota,Corn,Yala,2006,High
6,175.03297854125,62666.666666666664,343.545844721876,Hambantota,Corn,Yala,2007,High
7,183.56399766342855,66714.28571428571,349.8459021577246,Hambantota,Corn,Yala,2008,High
8,194.90436963446248,78750.0,380.3986775460758,Hambantota,Corn,Yala,2010,High
9,203.17553587533334,89444.44444444444,410.32378614818117,Hambantota,Corn,Yala,2011,High
10,213.49904959008,99900.0,432.60512897986257,Hambantota,Corn,Yala,2012,High
11,225.53982090534544,109909.09090909091,448.46179574106014,Hambantota,Corn,Yala,2013,High
12,232.48497973302497,127416.66666666667,497.42291643951484,Hambantota,Corn,Yala,2014,High
13,233.22946389514615,140846.15384615384,555.0898066624391,Hambantota,Corn,Yala,2015,High
14,238.80970080636425,157785.7142857143,602.1588866655558,Hambantota,Corn,Yala,2016,Medium
15,240.18643078883997,159000.0,607.2369755122476,Hambantota,Corn,Yala,2017,Medium
16,240.77330606983122,161750.0,620.1207941057133,Hambantota,Corn,Yala,2018,High
17,245.36110818903526,169058.82352941178,636.4201608360715,Hambantota,Corn,Yala,2019,High
18,247.37994300496666,173777.77777777778,651.156152450335,Hambantota,Corn,Yala,2020,High
19,269.3188547095137,196994.73684210525,665.6083821714877,Hambantota,Corn,Yala,2021,High
20,296.7859184145435,214180.0,665.3514352567947,Hambantota,Corn,Yala,2022,High
21,314.23567676935,226400.0,667.470815560088,Hambantota,Corn,Yala,2023,High
22,334.21002843817496,235400.0,662.7271475748212,Hambantota,Corn,Yala,2024,High
23,353.08135898391646,245421.73913043478,660.2799984196953,Hambantota,Corn,Yala,2025,High
1,4109.3624938461,1711000.0,416.36628614834456,Hambantota,Mung Beans,Maha,2002,High
2,4774.0759700004,1998000.0,418.2482708587685,Hambantota,Mung Beans,Maha,2003,High
3,5299.586747926599,2112666.6666666665,401.7600371373901,Hambantota,Mung Beans,Maha,2004,Medium
4,4983.497780796224,1976000.0,398.3404987257569,Hambantota,Mung Beans,Maha,2005,Low
5,4589.24114466084,1815200.0,396.4888998337375,Hambantota,Mung Beans,Maha,2006,Low
6,4192.554638941,1655166.6666666667,394.9126782938176,Hambantota,Mung Beans,Maha,2007,Medium
7,4040.525994722314,1669714.2857142857,418.73046464989415,Hambantota,Mung Beans,Maha,2008,Medium
8,3912.604833850612,1651500.0,429.52807126631143,Hambantota,Mung Beans,Maha,2009,Medium
9,3780.7123364909994,1619222.2222222222,437.2854699240711,Hambantota,Mung Beans,Maha,2010,Medium
10,3668.7735986850894,1603300.0,448.41681500813775,Hambantota,Mung Beans,Maha,2011,Medium
11,3691.305116650036,1549909.0909090908,431.23413423516524,Hambantota,Mung Beans,Maha,2012,Medium
12,3625.0359461649,1575750.0,448.8186684526106,Hambantota,Mung Beans,Maha,2013,Medium
13,3580.1768153749613,1604769.2307692308,463.68183650988055,Hambantota,Mung Beans,Maha,2014,Medium
14,3532.9009396453716,1606714.2857142857,470.5064838553465,Hambantota,Mung Beans,Maha,2015,Medium
15,3458.48691905412,1600466.6666666667,480.87690208926387,Hambantota,Mung Beans,Maha,2016,Medium
16,3458.5486953994873,1628375.0,487.8038595326035,Hambantota,Mung Beans,Maha,2017,Low
17,3343.0450990756053,1592823.5294117648,499.40101681328224,Hambantota,Mung Beans,Maha,2018,Medium
18,3319.4489577469994,1595000.0,502.7246769540113,Hambantota,Mung Beans,Maha,2019,Low
19,3220.1732869458947,1553263.1578947369,505.7171971390776,Hambantota,Mung Beans,Maha,2020,Low
20,3116.24596571817,1504500.0,505.7460884955476,Hambantota,Mung Beans,Maha,2021,Medium
21,3117.8580341591887,1503495.238095238,504.0870259377534,Hambantota,Mung Beans,Maha,2022,Medium
22,3096.5561596401285,1483009.0909090908,499.23763704244686,Hambantota,Mung Beans,Maha,2023,High
23,3170.4050191090514,1498404.347826087,494.1891255353209,Hambantota,Mung Beans,Maha,2024,Medium
24,3164.4521072199423,1482212.5,488.871613059362,Hambantota,Mung Beans,Maha,2025,Medium
1,590.5818617133,198000.0,335.2625822702963,Hambantota,Mung Beans,Yala,2002,High
2,1188.5768848706998,483000.0,382.5680637746742,Hambantota,Mung Beans,Yala,2003,Low
3,850.0425122567999,347000.0,399.57596236241056,Hambantota,Mung Beans,Yala,2004,Medium
4,813.5944684899749,330250.0,399.0784453032993,Hambantota,Mung Beans,Yala,2005,Low
5,685.47032819778,278600.0,402.512374073913,Hambantota,Mung Beans,Yala,2006,Medium
6,670.4792683886,273500.0,404.8336445597745,Hambantota,Mung Beans,Yala,2007,Medium
7,659.7713685249,276000.0,416.8067409151885,Hambantota,Mung Beans,Yala,2008,Low
8,623.0144430312374,263500.0,424.86187214658634,Hambantota,Mung Beans,Yala,2010,High
9,893.6977963164999,418888.8888888889,438.0200609526975,Hambantota,Mung Beans,Yala,2011,High
10,1187.83556872629,612600.0,455.6510041555272,Hambantota,Mung Beans,Yala,2012,High
11,1339.9850913350454,716181.8181818182,469.8891406278341,Hambantota,Mung Beans,Yala,2013,High
12,1539.87836886055,849666.6666666666,482.39845154057076,Hambantota,Mung Beans,Yala,2014,High
13,1889.5958439948229,1074538.4615384615,492.9775309000004,Hambantota,Mung Beans,Yala,2015,High
14,2059.0938430207284,1268857.142857143,521.3583081869853,Hambantota,Mung Beans,Yala,2016,High
15,2229.87896238528,1303133.3333333333,512.324955737644,Hambantota,Mung Beans,Yala,2017,Medium
16,2213.7553362443623,1290062.5,514.979308645448,Hambantota,Mung Beans,Yala,2018,Low
17,2138.333686355982,1247647.0588235294,520.6149664817071,Hambantota,Mung Beans,Yala,2019,Low
18,2065.8009890892,1205111.111111111,523.8479430483255,Hambantota,Mung Beans,Yala,2020,Medium
19,2107.52278191845,1211136.8421052631,520.573750765416,Hambantota,Mung Beans,Yala,2021,High
20,2838.573648560331,1445765.0,512.1906556084924,Hambantota,Mung Beans,Yala,2022,Medium
21,2870.6702842286986,1430980.9523809524,503.1914626929715,Hambantota,Mung Beans,Yala,2023,Low
22,2834.714311784281,1396881.8181818181,495.19932921514936,Hambantota,Mung Beans,Yala,2024,High
23,3001.406425608047,1457269.5652173914,491.8318275095993,Hambantota,Mung Beans,Yala,2025,High
1,748.7293058541,3386000.0,4522.328662075647,Hambantota,Pumpkin,Maha,2002,Medium
2,790.7372207039999,3611500.0,4564.990457531989,Hambantota,Pumpkin,Maha,2003,High
3,921.7030728830999,4269666.666666667,4616.447359667609,Hambantota,Pumpkin,Maha,2004,Medium
4,913.0543845316499,4317500.0,4719.510067112776,Hambantota,Pumpkin,Maha,2005,Medium
5,903.41727465432,4434000.0,4908.727851949222,Hambantota,Pumpkin,Maha,2006,Medium
6,872.2819965890999,4371000.0,5033.942730018955,Hambantota,Pumpkin,Maha,2007,Medium
7,880.0481657210141,4465571.428571428,5090.725325681221,Hambantota,Pumpkin,Maha,2008,High
8,914.289911439,4668750.0,5114.165239964527,Hambantota,Pumpkin,Maha,2009,Medium
9,927.1943035824333,4811888.888888889,5188.267415752115,Hambantota,Pumpkin,Maha,2010,High
10,949.1317702262699,4993000.0,5247.0770984279325,Hambantota,Pumpkin,Maha,2011,Medium
11,951.1310774036181,5059545.454545454,5306.000069076845,Hambantota,Pumpkin,Maha,2012,High
12,972.3596760844499,5205083.333333333,5334.169885904773,Hambantota,Pumpkin,Maha,2013,High
13,994.8842820107537,5354384.615384615,5358.326829689422,Hambantota,Pumpkin,Maha,2014,Medium
14,1005.5423987389928,5457500.0,5400.003422372198,Hambantota,Pumpkin,Maha,2015,Medium
15,996.49363500802,5484600.0,5489.449521120896,Hambantota,Pumpkin,Maha,2016,Medium
16,981.0083644358999,5412562.5,5507.971591513622,Hambantota,Pumpkin,Maha,2017,Low
17,952.8092797269704,5273705.882352941,5541.869692650987,Hambantota,Pumpkin,Maha,2018,Medium
18,963.4364261980331,5358388.888888889,5564.087994573059,Hambantota,Pumpkin,Maha,2019,Medium
19,956.6879926806947,5383210.52631579,5638.62171491975,Hambantota,Pumpkin,Maha,2020,Medium
20,952.5912455668498,5422400.0,5709.190114437244,Hambantota,Pumpkin,Maha,2021,Medium
21,946.3194756466828,5442309.523809524,5776.12820931118,Hambantota,Pumpkin,Maha,2022,Low
22,937.641369987915,5249886.363636363,5586.325751149007,Hambantota,Pumpkin,Maha,2023,Medium
23,930.8244845730143,5258682.608695652,5647.023071076433,Hambantota,Pumpkin,Maha,2024,Medium
24,921.6310004801712,5246729.166666667,5703.428436049522,Hambantota,Pumpkin,Maha,2025,Medium
1,148.263228882,627000.0,4228.9649613594875,Hambantota,Pumpkin,Yala,2002,High
2,206.33299352745001,908000.0,4362.946165809839,Hambantota,Pumpkin,Yala,2003,High
3,257.8132813337,1176000.0,4490.415753249784,Hambantota,Pumpkin,Yala,2004,High
4,351.50740514107497,1689750.0,4644.70567242019,Hambantota,Pumpkin,Yala,2005,Medium
5,375.10596907146,1740600.0,4543.879157415662,Hambantota,Pumpkin,Yala,2006,High
6,401.95808719120004,1820500.0,4476.582958186243,Hambantota,Pumpkin,Yala,2007,High
7,421.13817156244284,1977285.7142857143,4614.472492166729,Hambantota,Pumpkin,Yala,2008,Medium
8,423.78572922104996,2064750.0,4794.188196193411,Hambantota,Pumpkin,Yala,2010,High
9,452.4774096250666,2325777.777777778,4980.615926739903,Hambantota,Pumpkin,Yala,2011,High
10,471.47706784476,2538100.0,5175.033727260185,Hambantota,Pumpkin,Yala,2012,High
11,480.0583638194455,2658181.8181818184,5324.5371690401225,Hambantota,Pumpkin,Yala,2013,High
12,500.38839747675,2767666.6666666665,5337.996207842763,Hambantota,Pumpkin,Yala,2014,Medium
13,498.0123841933846,2770923.076923077,5387.772473102371,Hambantota,Pumpkin,Yala,2015,Medium
14,492.26922065702144,2785428.5714285714,5511.61082984525,Hambantota,Pumpkin,Yala,2016,Low
15,481.36128310355997,2722000.0,5516.1969087877205,Hambantota,Pumpkin,Yala,2017,Low
16,471.0446334271875,2681187.5,5580.269852860048,Hambantota,Pumpkin,Yala,2018,Medium
17,473.5701957819177,2729000.0,5651.897540805593,Hambantota,Pumpkin,Yala,2019,High
18,480.61996695914996,2803388.888888889,5714.277533992076,Hambantota,Pumpkin,Yala,2020,Medium
19,486.57650720721625,2840442.1052631577,5724.408188690807,Hambantota,Pumpkin,Yala,2021,High
20,501.90809557279044,2967555.0,5777.487063751634,Hambantota,Pumpkin,Yala,2022,Medium
21,504.41268511783284,3006390.476190476,5827.249001625057,Hambantota,Pumpkin,Yala,2023,Medium
22,506.21783806688313,3035709.090909091,5867.400294643872,Hambantota,Pumpkin,Yala,2024,High
23,511.937888132413,3085734.782608696,5897.681696871235,Hambantota,Pumpkin,Yala,2025,Medium
1,249.57643528469998,453000.0,1815.075207253634,Matara,Bandakka,Maha,2002,Medium
2,248.34090837735,435000.0,1751.307167687538,Matara,Bandakka,Maha,2003,Medium
3,243.8106430504,421666.6666666667,1728.4182124336787,Matara,Bandakka,Maha,2004,Medium
4,225.48366059137498,401000.0,1793.373198157818,Matara,Bandakka,Maha,2005,Low
5,210.0395742495,379800.0,1832.6394400576894,Matara,Bandakka,Maha,2006,Medium
6,200.56720129315,368000.0,1863.3497039478743,Matara,Bandakka,Maha,2007,Low
7,192.38918985878573,352142.85714285716,1853.3248941584905,Matara,Bandakka,Maha,2008,High
8,211.27510115684998,363500.0,1782.8784725957507,Matara,Bandakka,Maha,2009,High
9,221.02203564816668,395000.0,1825.2139320467982,Matara,Bandakka,Maha,2010,High
10,229.56089938563,436200.0,1906.0645656840002,Matara,Bandakka,Maha,2011,High
11,237.4458074670818,452636.36363636365,1910.1233560616022,Matara,Bandakka,Maha,2012,High
12,247.31130262122497,469833.3333333333,1905.279649441365,Matara,Bandakka,Maha,2013,High
13,256.9895967288,486923.07692307694,1901.3801269559965,Matara,Bandakka,Maha,2014,High
14,261.2256889825714,506500.0,1937.4231612700253,Matara,Bandakka,Maha,2015,Medium
15,262.92012588408,514133.3333333333,1952.6925274314242,Matara,Bandakka,Maha,2016,Medium
16,258.37956449956874,510500.0,1980.4354886709561,Matara,Bandakka,Maha,2017,Medium
17,256.5535284085588,517882.35294117645,2028.5045446197794,Matara,Bandakka,Maha,2018,Medium
18,253.28301600675,519000.0,2067.0049001427237,Matara,Bandakka,Maha,2019,Medium
19,250.2267126043579,522368.4210526316,2115.398199484455,Matara,Bandakka,Maha,2020,Medium
20,248.21735568661498,538350.0,2210.066707605627,Matara,Bandakka,Maha,2021,Medium
21,245.7286514875243,544190.4761904762,2265.455478160149,Matara,Bandakka,Maha,2022,Medium
22,242.84842967103953,546968.1818181818,2313.3525001833336,Matara,Bandakka,Maha,2023,Medium
23,239.87486313394302,550886.9565217391,2371.550884316357,Matara,Bandakka,Maha,2024,Medium
24,236.59310669996373,552295.8333333334,2423.950281911952,Matara,Bandakka,Maha,2025,Low
1,200.1553589907,358000.0,1788.610616299482,Matara,Bandakka,Yala,2002,Medium
2,195.2132513613,311500.0,1590.6799522560382,Matara,Bandakka,Yala,2003,Medium
3,200.15535899069997,336333.3333333333,1673.0362736720572,Matara,Bandakka,Yala,2004,High
4,213.128391517875,381250.0,1766.5855174928777,Matara,Bandakka,Yala,2005,Medium
5,207.56852043479998,383800.0,1838.4581287695844,Matara,Bandakka,Yala,2006,Medium
6,203.4500974103,384666.6666666667,1886.6041046718476,Matara,Bandakka,Yala,2007,Medium
7,198.0373128638143,378571.4285714286,1912.1904898135929,Matara,Bandakka,Yala,2008,Medium
8,198.6109503565125,383375.0,1930.4134968980893,Matara,Bandakka,Yala,2010,Medium
9,197.684305176,401111.1111111111,2033.0144557330766,Matara,Bandakka,Yala,2011,High
10,207.07430967186002,421100.0,2035.828324552523,Matara,Bandakka,Yala,2012,High
11,213.6338343436091,527818.1818181818,2370.0399083746956,Matara,Bandakka,Yala,2013,High
12,222.394843323,594666.6666666666,2520.231611212351,Matara,Bandakka,Yala,2014,High
13,228.6675183910846,628076.9230769231,2586.793861169239,Matara,Bandakka,Yala,2015,Medium
14,229.98450861100713,630285.7142857143,2592.514184109365,Matara,Bandakka,Yala,2016,High
15,230.46695245101998,657666.6666666666,2712.2339007013848,Matara,Bandakka,Yala,2017,Medium
16,227.3369509524,648000.0,2716.9974309181516,Matara,Bandakka,Yala,2018,Medium
17,223.99376049721764,640352.9411764706,2735.8843362417347,Matara,Bandakka,Yala,2019,Medium
18,218.96282413591666,637833.3333333334,2831.6149977365744,Matara,Bandakka,Yala,2020,Medium
19,216.67240291001053,636026.3157894737,2863.6262062241517,Matara,Bandakka,Yala,2021,Medium
20,214.512181654107,634065.0,2892.4651176266625,Matara,Bandakka,Yala,2022,Medium
21,213.35784651495428,635019.0476190476,2918.429907069393,Matara,Bandakka,Yala,2023,Medium
22,210.57871326361635,633509.0909090909,2965.4816612176837,Matara,Bandakka,Yala,2024,Low
23,206.97761626171956,614169.5652173914,2900.7678262205072,Matara,Bandakka,Yala,2025,Medium
1,224.8658971377,518000.0,2303.5951942628053,Matara,Brinjal,Maha,2002,Medium
2,234.7501123965,531500.0,2265.7050467186245,Matara,Brinjal,Maha,2003,Medium
3,231.45537397689998,516333.3333333333,2230.899416224079,Matara,Brinjal,Maha,2004,Medium
4,219.306026054625,504000.0,2311.648193667762,Matara,Brinjal,Maha,2005,Low
5,206.58009890891998,475200.0,2311.8164317746186,Matara,Brinjal,Maha,2006,Medium
6,201.39088589805,463333.3333333333,2310.300076861676,Matara,Brinjal,Maha,2007,Low
7,196.9782898003714,439714.28571428574,2229.9390335545972,Matara,Brinjal,Maha,2008,High
8,228.26359613291248,477125.0,2157.7316609983454,Matara,Brinjal,Maha,2009,High
9,244.35976612033332,527888.8888888889,2196.112020849025,Matara,Brinjal,Maha,2010,High
10,259.95486130643997,619800.0,2337.970031303976,Matara,Brinjal,Maha,2011,High
11,272.9391258964091,708363.6363636364,2485.1980283037597,Matara,Brinjal,Maha,2012,High
12,290.34882322724997,802583.3333333334,2596.1396011890542,Matara,Brinjal,Maha,2013,High
13,311.9230238402077,900307.6923076923,2675.7949753080106,Matara,Brinjal,Maha,2014,High
14,321.06049206709287,944285.7142857143,2730.855941609767,Matara,Brinjal,Maha,2015,High
15,327.0027881453,994000.0,2823.4650376220293,Matara,Brinjal,Maha,2016,Medium
16,323.86249058911875,1007375.0,2919.799954813237,Matara,Brinjal,Maha,2017,Medium
17,323.2719814054588,1029941.1764705882,3008.777784404762,Matara,Brinjal,Maha,2018,Medium
18,323.15892665576666,1051888.888888889,3088.0666426153452,Matara,Brinjal,Maha,2019,Medium
19,320.19655219954734,1059368.4210526317,3161.01179828131,Matara,Brinjal,Maha,2020,Medium
20,316.04778290013,1063400.0,3243.2433084444883,Matara,Brinjal,Maha,2021,Medium
21,313.6355637000657,1052314.2857142857,3237.8374217342594,Matara,Brinjal,Maha,2022,Medium
22,311.1955317730827,1041354.5454545454,3232.5058006725926,Matara,Brinjal,Maha,2023,Medium
23,308.0114861462361,1036704.3478260869,3262.6868271297453,Matara,Brinjal,Maha,2024,Medium
24,304.227908819815,1029616.6666666666,3292.981861949833,Matara,Brinjal,Maha,2025,Low
1,197.68430517599998,419000.0,2119.541051207686,Matara,Brinjal,Yala,2002,Medium
2,193.97772445394997,401500.0,2068.856802346553,Matara,Brinjal,Yala,2003,Medium
3,190.2711437319,391666.6666666667,2057.359755220013,Matara,Brinjal,Yala,2004,Medium
4,196.44877826865,412500.0,2095.3924602707425,Matara,Brinjal,Yala,2005,Medium
5,195.70746212423998,414400.0,2114.2045862251093,Matara,Brinjal,Yala,2006,Medium
6,193.97772445395,413000.0,2126.9535346266025,Matara,Brinjal,Yala,2007,Medium
7,187.80008991719998,404142.85714285716,2155.7603140467145,Matara,Brinjal,Yala,2008,High
8,197.68430517599998,419125.0,2131.7246226280595,Matara,Brinjal,Yala,2010,High
9,201.52816666553332,476777.77777777775,2343.5603411738375,Matara,Brinjal,Yala,2011,High
10,214.48747111595998,559100.0,2501.8097808668754,Matara,Brinjal,Yala,2012,High
11,223.7426908582909,688818.1818181818,2845.1862251342477,Matara,Brinjal,Yala,2013,High
12,235.98563930384998,798916.6666666666,3059.9863402025435,Matara,Brinjal,Yala,2014,High
13,249.19627315936154,870461.5384615385,3150.8039296158363,Matara,Brinjal,Yala,2015,High
14,253.81252753847141,914000.0,3262.605195896555,Matara,Brinjal,Yala,2016,High
15,257.97801825467997,954466.6666666666,3365.6850900451072,Matara,Brinjal,Yala,2017,Medium
16,260.5417365874312,971437.5,3411.6028077543483,Matara,Brinjal,Yala,2018,Medium
17,258.29780168952357,970470.5882352941,3463.5181905235477,Matara,Brinjal,Yala,2019,Medium
18,255.61678905396664,984722.2222222222,3595.6425283198105,Matara,Brinjal,Yala,2020,Medium
19,254.77865384196315,988210.5263157894,3637.176594919018,Matara,Brinjal,Yala,2021,Low
20,253.90077946042499,947555.0,3492.224252649844,Matara,Brinjal,Yala,2022,Medium
21,253.88312907603427,949919.0476190476,3513.2259764571513,Matara,Brinjal,Yala,2023,Medium
22,252.30582654366407,949313.6363636364,3547.768063372129,Matara,Brinjal,Yala,2024,Low
23,249.36156103994344,921039.1304347826,3463.944498209725,Matara,Brinjal,Yala,2025,Medium
1,217.45273569359998,99000.0,455.2713475147774,Matara,Chillies,Maha,2002,Medium
2,198.91983208335,86500.0,432.750314342433,Matara,Chillies,Maha,2003,Medium
3,181.21061307799997,80333.33333333333,443.97265968594024,Matara,Chillies,Maha,2004,Low
4,163.70731522387499,74000.0,456.6334410030367,Matara,Chillies,Maha,2005,Low
5,149.25165040788,67000.0,450.61886116555877,Matara,Chillies,Maha,2006,Low
6,142.49743664769997,63500.0,446.02912499715677,Matara,Chillies,Maha,2007,Low
7,136.61397518412858,60000.0,437.30280416891816,Matara,Chillies,Maha,2008,High
8,156.60303550661249,77250.0,466.10636735884594,Matara,Chillies,Maha,2009,High
9,166.1097286548333,95333.33333333333,524.4353130905,Matara,Chillies,Maha,2010,High
10,175.4448208437,112900.0,576.439218967909,Matara,Chillies,Maha,2011,High
11,184.2058298230909,124636.36363636363,604.9727820542616,Matara,Chillies,Maha,2012,High
12,195.62509366375,137000.0,625.3783709409273,Matara,Chillies,Maha,2013,High
13,206.61811512145383,148538.46153846153,642.4855817790187,Matara,Chillies,Maha,2014,High
14,214.80517803499285,172214.2857142857,703.3240337799524,Matara,Chillies,Maha,2015,High
15,223.05379100692,188266.66666666666,737.7667479480056,Matara,Chillies,Maha,2016,High
16,226.56474663530622,207125.0,801.3332978247757,Matara,Chillies,Maha,2017,High
17,228.64515591312352,217235.29411764705,839.3102838612766,Matara,Chillies,Maha,2018,High
18,231.18081244193334,227833.33333333334,875.3204442834108,Matara,Chillies,Maha,2019,High
19,231.88889219000527,243631.57894736843,942.8469169661388,Matara,Chillies,Maha,2020,High
20,231.661295128125,253550.0,992.917100393934,Matara,Chillies,Maha,2021,High
21,232.30259242765428,260714.2857142857,1024.1169962771935,Matara,Chillies,Maha,2022,High
22,233.06530297738635,267650.0,1052.9885613525598,Matara,Chillies,Maha,2023,Medium
23,233.3964046545339,272717.39130434784,1076.6110673212613,Matara,Chillies,Maha,2024,Medium
24,232.78356540230126,275858.3333333333,1098.0757531047814,Matara,Chillies,Maha,2025,Medium
1,207.56852043479998,97000.0,467.3155630574964,Matara,Chillies,Yala,2002,Medium
2,192.74219754659998,94000.0,489.3966248858145,Matara,Chillies,Yala,2003,Low
3,172.1500824241,84666.66666666667,494.2471360089933,Matara,Chillies,Yala,2004,Medium
4,164.94284213122498,80750.0,491.0444438784678,Matara,Chillies,Yala,2005,Medium
5,158.1474441408,77600.0,492.0980711227677,Matara,Chillies,Yala,2006,Medium
6,153.61717881385,75500.0,492.8004892856342,Matara,Chillies,Yala,2007,Medium
7,146.85119813074286,76571.42857142857,533.9914768811572,Matara,Chillies,Yala,2008,Medium
8,151.0431644235375,78750.0,532.380299754101,Matara,Chillies,Yala,2010,High
9,155.4018287911333,91555.55555555556,586.5155544620283,Matara,Chillies,Yala,2011,High
10,164.57218405902,110800.0,642.794721410667,Matara,Chillies,Yala,2012,High
11,170.7273544701818,158454.54545454544,832.8843529453377,Matara,Chillies,Yala,2013,High
12,180.79877077555,194500.0,932.3821360763733,Matara,Chillies,Yala,2014,High
13,189.32073841855384,225000.0,1016.5725679564805,Matara,Chillies,Yala,2015,High
14,199.44934361507143,235642.85714285713,1024.6385093689835,Matara,Chillies,Yala,2016,High
15,200.32009591167997,247066.66666666666,1084.0091640853075,Matara,Chillies,Yala,2017,High
16,202.78085366881874,252500.0,1103.3494447491828,Matara,Chillies,Yala,2018,Medium
17,204.37068608636469,257647.0588235294,1125.4757066077202,Matara,Chillies,Yala,2019,High
18,206.47027429493332,262333.3333333333,1141.408739712559,Matara,Chillies,Yala,2020,High
19,210.81990703308946,270078.94736842107,1155.8819506657799,Matara,Chillies,Yala,2021,High
20,213.202523132316,274885.0,1168.927184961644,Matara,Chillies,Yala,2022,High
21,215.77006571501855,279728.5714285714,1180.3996241367822,Matara,Chillies,Yala,2023,Medium
22,215.4646605790459,282181.8181818182,1199.3023700060962,Matara,Chillies,Yala,2024,Medium
23,213.62797413693391,281995.652173913,1216.9114029650857,Matara,Chillies,Yala,2025,Medium
1,14.8263228882,6000.0,404.68564223535765,Matara,Corn,Maha,2004,Low
2,8.64868835145,3500.0,404.6856422353577,Matara,Corn,Maha,2005,Low
3,6.5894768392,2666.6666666666665,404.68564223535765,Matara,Corn,Maha,2006,Low
4,5.5598710830749996,2250.0,404.6856422353577,Matara,Corn,Maha,2007,Low
5,4.942107629400001,2200.0,485.6227706824292,Matara,Corn,Maha,2008,High
6,7.00131914165,3666.6666666666665,510.67473901128466,Matara,Corn,Maha,2009,High
7,8.11917681972857,4428.571428571428,524.4395567743921,Matara,Corn,Maha,2010,High
8,8.3398066246125,5875.0,661.2274332952719,Matara,Corn,Maha,2011,High
9,9.609653723833333,6333.333333333333,643.9640576840414,Matara,Corn,Maha,2012,High
10,10.62553140321,6600.0,625.094786667115,Matara,Corn,Maha,2013,High
11,11.456704049972727,6909.090909090909,614.2549926786679,Matara,Corn,Maha,2014,High
12,11.737505619825,8500.0,709.2035585404359,Matara,Corn,Maha,2015,Low
13,11.404863760153846,8230.76923076923,706.5322132982686,Matara,Corn,Maha,2016,Medium
14,11.11974216615,8214.285714285714,733.1486061075082,Matara,Corn,Maha,2017,Low
15,10.7078998637,7933.333333333333,738.2301179983886,Matara,Corn,Maha,2018,High
16,10.96530130273125,8000.0,730.0300145830541,Matara,Corn,Maha,2019,Low
17,10.610995792535293,7882.35294117647,758.5021858844082,Matara,Corn,Maha,2020,Low
18,10.29605756125,7833.333333333333,795.052050436594,Matara,Corn,Maha,2021,Medium
19,10.274381650594737,8015.789473684211,813.3775709038724,Matara,Corn,Maha,2022,Medium
20,10.13132064027,8060.0,832.7370626235901,Matara,Corn,Maha,2023,High
21,10.566696788574285,8776.190476190477,850.1539688944862,Matara,Corn,Maha,2024,High
22,11.288223108061363,10513.636363636364,892.3102038897742,Matara,Corn,Maha,2025,High
1,2.4710538147,1000.0,404.6856422353577,Matara,Corn,Yala,2004,High
2,4.9421076294,2000.0,404.6856422353577,Matara,Corn,Yala,2005,Medium
3,4.1184230245,2000.0,539.5808563138103,Matara,Corn,Yala,2007,Low
4,3.70658072205,1750.0,505.8570527941971,Matara,Corn,Yala,2008,High
5,3.95368610352,2000.0,526.0913349059649,Matara,Corn,Yala,2010,High
6,4.118423024499999,2166.6666666666665,539.5808563138103,Matara,Corn,Yala,2011,High
7,4.589099941585714,2428.5714285714284,539.5808563138103,Matara,Corn,Yala,2012,Medium
8,4.6332259025625,2500.0,548.0118071937135,Matara,Corn,Yala,2013,High
9,5.491230699333332,3333.3333333333335,577.0517491133804,Matara,Corn,Yala,2014,Low
10,5.43631839234,3000.0,519.3465742020423,Matara,Corn,Yala,2015,Low
11,5.166748885281819,2909.090909090909,545.7124569537399,Matara,Corn,Yala,2016,Low
12,4.9421076294,2750.0,533.9602223938747,Matara,Corn,Yala,2017,High
13,5.322269754738461,3307.6923076923076,570.7105211011454,Matara,Corn,Yala,2018,Medium
14,5.295115317214285,3357.1428571428573,587.7577184846862,Matara,Corn,Yala,2019,High
15,5.271581471359999,3533.3333333333335,629.5109990327786,Matara,Corn,Yala,2020,High
16,5.8687528099124995,4362.5,660.9865489844176,Matara,Corn,Yala,2021,High
17,6.148563315400588,4805.882352941177,687.9840453177659,Matara,Corn,Yala,2022,High
18,6.2462749204916665,5038.888888888889,712.9948410660535,Matara,Corn,Yala,2023,High
19,6.957967320339474,6257.894736842105,750.548633056242,Matara,Corn,Yala,2024,High
20,7.215477138923999,6235.0,736.9719843112368,Matara,Corn,Yala,2025,High
1,4.9421076294,1000.0,202.34282111767885,Matara,Mung Beans,Maha,2002,Medium
2,4.9421076294,1000.0,202.34282111767885,Matara,Mung Beans,Maha,2003,High
3,9.0605306539,2000.0,211.97819355185402,Matara,Mung Beans,Maha,2004,High
4,9.8842152588,2750.0,260.15505572272997,Matara,Mung Beans,Maha,2005,Low
5,8.40158296998,2400.0,289.06117302525547,Matara,Mung Beans,Maha,2006,Low
6,7.825003746549999,2333.3333333333335,308.33191789360586,Matara,Mung Beans,Maha,2007,Low
7,7.413161444099999,2285.714285714286,322.0967356567133,Matara,Mung Beans,Maha,2008,High
8,7.4131614441,2500.0,349.2822507388504,Matara,Mung Beans,Maha,2009,High
9,7.687722979066667,2777.777777777778,366.67945096722224,Matara,Mung Beans,Maha,2010,Low
10,7.4131614441,2700.0,370.4800700940358,Matara,Mung Beans,Maha,2011,High
11,14.60168163231818,2909.090909090909,342.05572141321903,Matara,Mung Beans,Maha,2012,Medium
12,14.208559434525,3000.0,347.2748814817306,Matara,Mung Beans,Maha,2013,Medium
13,13.875917574853846,3076.923076923077,351.6910938473942,Matara,Mung Beans,Maha,2014,Low
14,13.59079598085,3000.0,341.023360080986,Matara,Mung Beans,Maha,2015,High
15,22.568958174259997,7533.333333333333,350.213670074154,Matara,Mung Beans,Maha,2016,High
16,25.17386073725625,11125.0,391.557447293794,Matara,Mung Beans,Maha,2017,High
17,27.32694806844706,12352.941176470587,398.9951046330566,Matara,Mung Beans,Maha,2018,High
18,28.554399636533333,13333.333333333334,410.55251345083326,Matara,Mung Beans,Maha,2019,Low
19,27.311647425631577,12736.842105263158,410.24373075528194,Matara,Mung Beans,Maha,2020,Low
20,26.069617745084997,12150.0,409.9658263292857,Matara,Mung Beans,Maha,2021,Low
21,25.181215064085716,11714.285714285714,409.71438899147955,Matara,Mung Beans,Maha,2022,Low
22,24.19386325847182,11245.454545454546,409.48580959347413,Matara,Mung Beans,Maha,2023,Low
23,23.861784880211736,11043.478260869566,409.0144943077965,Matara,Mung Beans,Maha,2024,Low
24,23.39264277916,10791.666666666666,408.50349994674275,Matara,Mung Beans,Maha,2025,Low
1,2.4710538147,1000.0,404.6856422353577,Matara,Mung Beans,Yala,2004,High
2,3.70658072205,1000.0,303.5142316765183,Matara,Mung Beans,Yala,2005,High
3,7.413161444099999,2000.0,292.27296383664725,Matara,Mung Beans,Yala,2006,High
4,8.64868835145,2500.0,300.14185132455697,Matara,Mung Beans,Yala,2007,High
5,8.89579373292,3200.0,361.5191737302529,Matara,Mung Beans,Yala,2008,Medium
6,9.060530653899999,3333.3333333333335,368.71358514777035,Matara,Mung Beans,Yala,2010,Medium
7,8.472184507542858,3428.5714285714284,431.66468505104825,Matara,Mung Beans,Yala,2011,Medium
8,8.3398066246125,3500.0,445.15420645889344,Matara,Mung Beans,Yala,2012,High
9,12.904392143433332,6555.555555555556,465.38848857066137,Matara,Mung Beans,Yala,2013,High
10,25.69895967288,16300.0,492.68702005127454,Matara,Mung Beans,Yala,2014,High
11,28.304798241109086,18090.909090909092,508.09846087501353,Matara,Mung Beans,Yala,2015,High
12,30.682251532524997,19500.0,517.075753911652,Matara,Mung Beans,Yala,2016,High
13,32.50386171643846,20769.23076923077,528.2401473886329,Matara,Mung Beans,Yala,2017,Low
14,31.064676527657138,19785.714285714286,530.9772725129806,Matara,Mung Beans,Yala,2018,Low
15,29.652645776399996,18733.333333333332,522.5578304944723,Matara,Mung Beans,Yala,2020,Medium
16,30.579290956912498,18575.0,512.6615334643067,Matara,Mung Beans,Yala,2021,Low
17,29.594503333701173,17782.352941176472,504.1845606491828,Matara,Mung Beans,Yala,2022,Low
18,28.444575022546662,17033.333333333332,503.02844711947574,Matara,Mung Beans,Yala,2023,Low
19,27.42869734317,16410.526315789473,506.4873388020049,Matara,Mung Beans,Yala,2024,Low
20,26.440275817289994,15650.0,488.9955971954922,Matara,Mung Beans,Yala,2025,Low
1,32.1236995911,82000.0,2552.6325125614867,Matara,Pumpkin,Maha,2002,Medium
2,33.35922649845,81500.0,2447.014007033028,Matara,Pumpkin,Maha,2003,Low
3,24.710538146999998,60333.333333333336,2440.7139558260674,Matara,Pumpkin,Maha,2004,Low
4,21.00395742495,48000.0,2108.756845906359,Matara,Pumpkin,Maha,2005,High
5,23.72211662112,48000.0,1964.5042028293324,Matara,Pumpkin,Maha,2006,Medium
6,24.710538146999998,47500.0,1890.015362088209,Matara,Pumpkin,Maha,2007,Medium
7,25.063545834814285,47714.28571428572,1877.5403943812248,Matara,Pumpkin,Maha,2008,High
8,26.563828508024997,51375.0,1902.521132184593,Matara,Pumpkin,Maha,2009,High
9,26.907030426733332,58777.77777777778,2133.2864303101214,Matara,Pumpkin,Maha,2010,High
10,26.68738119876,65500.0,2429.86169649566,Matara,Pumpkin,Maha,2011,High
11,27.406233217581818,71272.72727272728,2547.9550997256724,Matara,Pumpkin,Maha,2012,High
12,27.387513112924996,74750.0,2682.0609442378923,Matara,Pumpkin,Maha,2013,High
13,27.37167302436923,78153.84615384616,2812.514937520345,Matara,Pumpkin,Maha,2014,High
14,27.358095805607142,82214.28571428571,2966.3779075791076,Matara,Pumpkin,Maha,2015,Medium
15,27.51106580366,83733.33333333333,3004.6860050444593,Matara,Pumpkin,Maha,2016,High
16,31.505936137425,108437.5,3144.3330328216407,Matara,Pumpkin,Maha,2017,Medium
17,31.542275164111764,110941.17647058824,3235.8769357666984,Matara,Pumpkin,Maha,2018,Medium
18,31.437295753683333,112888.88888888889,3329.643512327633,Matara,Pumpkin,Maha,2019,Low
19,30.693089487852628,111684.21052631579,3428.2465440185256,Matara,Pumpkin,Maha,2020,Low
20,29.776198467134996,109100.0,3499.645602158814,Matara,Pumpkin,Maha,2021,Low
21,28.852495017354283,105547.61904761905,3491.291215855558,Matara,Pumpkin,Maha,2022,Low
22,28.091389048021366,101036.36363636363,3356.246620200553,Matara,Pumpkin,Maha,2023,Low
23,27.439441055407823,98317.39130434782,3338.1357927928284,Matara,Pumpkin,Maha,2024,Low
24,26.687381198759997,95691.66666666667,3355.684994089927,Matara,Pumpkin,Maha,2025,Low
1,24.710538146999998,101000.0,4087.3249865771127,Matara,Pumpkin,Yala,2002,Low
2,23.475011239649998,71500.0,2987.9289918377244,Matara,Pumpkin,Yala,2003,Medium
3,24.710538146999998,70666.66666666667,2838.113549535443,Matara,Pumpkin,Yala,2004,High
4,34.5947534058,101000.0,2875.697117047627,Matara,Pumpkin,Yala,2005,Low
5,32.61791035404,89200.0,2640.4936331158024,Matara,Pumpkin,Yala,2006,Low
6,32.1236995911,82833.33333333333,2487.0636908465467,Matara,Pumpkin,Yala,2007,Low
7,30.711668839842854,76714.28571428571,2388.712142779807,Matara,Pumpkin,Yala,2008,Low
8,29.961527503237498,72375.0,2302.583087105894,Matara,Pumpkin,Yala,2010,High
9,32.947384196,83222.22222222222,2379.0910493115716,Matara,Pumpkin,Yala,2011,Medium
10,31.135278065219996,84300.0,2775.189450549141,Matara,Pumpkin,Yala,2012,Medium
11,29.652645776399996,87090.90909090909,3228.0335740911305,Matara,Pumpkin,Yala,2013,High
12,31.094093834975,100750.0,3404.5399701145657,Matara,Pumpkin,Yala,2014,High
13,32.884023841776916,111000.0,3473.758714661955,Matara,Pumpkin,Yala,2015,High
14,34.241745717985715,117785.71428571429,3509.1883381061134,Matara,Pumpkin,Yala,2016,Medium
15,33.935805721879994,120800.0,3641.7077804788355,Matara,Pumpkin,Yala,2017,Medium
16,33.6681082252875,124500.0,3793.493833794556,Matara,Pumpkin,Yala,2018,Medium
17,33.28654844507646,123647.05882352941,3808.3975154744985,Matara,Pumpkin,Yala,2019,Medium
18,33.084664963483334,124722.22222222222,3864.736759242842,Matara,Pumpkin,Yala,2020,Medium
19,32.90403237468947,125105.26315789473,3895.6212489978993,Matara,Pumpkin,Yala,2021,Medium
20,32.667331430333995,124980.0,3918.4474661008767,Matara,Pumpkin,Yala,2022,Medium
21,32.53554189355,125266.66666666667,3940.488413731775,Matara,Pumpkin,Yala,2023,Low
22,31.910290398012272,121700.0,3874.648557943816,Matara,Pumpkin,Yala,2024,Low
23,31.092303216268697,117273.91304347826,3772.249927290669,Matara,Pumpkin,Yala,2025,Low
